time,open,high,low,close,SS Line,SS Shifted,Ride Line,BUY,SELL
1768410000,33.28,33.5965,33.155,33.33,32.108590674890394,31.75461755100587,31.720838596304787,0,0
1768411800,33.33,33.33,32.1533,32.1699,32.27982730072564,31.92835853658133,31.877746799181867,0,0
1768413600,32.165,32.54,31.83,32.4,32.43093426497258,32.108590674890394,32.032216656396216,0,0
1768415400,32.395,32.558,31.74,32.33,32.55430673615583,32.27982730072564,32.15485467104921,0,0
1768417200,32.3365,33.093351,32.215,33.0472,32.65064252016706,32.43093426497258,32.24835306685377,0,0
1768419000,33.04,33.1307,32.255,32.42,32.726647478447674,32.55430673615583,32.32181798608533,0,0
1768420800,32.42,32.72,32.06,32.24,32.78670593184432,32.65064252016706,32.38722140322214,0,0
1768422600,32.23,32.75,32.13,32.64,32.83107269381274,32.726647478447674,32.43797991723501,0,0
1768487400,33.07,33.15,31.4,31.46,32.86057455851339,32.78670593184432,32.43797991723501,0,0
1768489200,31.455,31.81,31.29,31.55,32.874646222385266,32.83107269381274,32.45909683849936,0,0
1768491000,31.55,31.72,31.06,31.72,32.869829899228904,32.86057455851339,32.460391185620566,0,0
1768492800,31.71,31.9,31.53,31.7855,32.84719626875694,32.874646222385266,32.460391185620566,0,0
1768494600,31.7802,32.0458,31.66,32.03,32.81082356571536,32.869829899228904,32.460391185620566,0,0
1768496400,32.03,32.31,31.94,32.285,32.76594041434043,32.84719626875694,32.460391185620566,0,0
1768498200,32.285,32.485,32.09,32.245,32.71675608751112,32.81082356571536,32.460391185620566,0,0
1768500000,32.24,32.27,31.885,31.94,32.66675453818542,32.76594041434043,32.460391185620566,0,0
1768501800,31.9434,32.05,31.765,32.008,32.614850450981834,32.71675608751112,32.460391185620566,0,0
1768503600,32,32.09,31.67,31.87,32.558858880495436,32.66675453818542,32.460391185620566,0,0
1768505400,31.8601,31.8801,31.43,31.795,32.49685819208368,32.614850450981834,32.460391185620566,0,0
1768507200,31.7999,31.7999,31.145,31.175,32.426675835138084,32.558858880495436,32.460391185620566,0,0
1768509000,31.17,31.4698,30.785,30.8699,32.34496417821569,32.49685819208368,32.460391185620566,0,0
1768573800,30.865,30.89,29.78,30.15,32.24555934930356,32.426675835138084,32.460391185620566,0,0
1768575600,30.145,30.82,30.05,30.42,32.1277901509895,32.34496417821569,32.46418437633021,0,1
1768577400,30.415,30.585,29.81,30.32,31.990263939323082,32.24555934930356,32.33030857713946,0,0
1768579200,30.31,31.102,30.29,30.985,31.84043971403299,32.1277901509895,32.185195449148196,0,0
1768581000,30.99,31.385,30.82,31.1286,31.693107711370324,31.990263939323082,32.03341660826302,0,0
1768582800,31.125,31.15,30.4,30.6283,31.556713200342244,31.84043971403299,31.899500033171176,0,0
1768584600,30.62,31.09,30.56,30.995,31.433079640631007,31.693107711370324,31.770310271115015,0,0
1768586400,30.99,31.25,30.855,31.15,31.322317671432476,31.556713200342244,31.649567542596195,0,0
1768588200,31.1538,31.33,31.07,31.27,31.225420680359395,31.433079640631007,31.53858127501142,0,0
1768590000,31.28,31.49,30.72,30.735,31.14351448811722,31.322317671432476,31.46180646886553,0,0
1768591800,30.74,30.8,30.34,30.54,31.074570489698445,31.225420680359395,31.386555900393304,0,0
1768593600,30.53,30.58,30.26,30.535,31.01228112306967,31.14351448811722,31.31341043300061,0,0
1768595400,30.53,31.21,30.401,31.2,30.953819497114345,31.074570489698445,31.262332427764505,0,0
1768919400,28.77,29.2,28.38,28.65,30.891158992622113,31.01228112306967,31.262332427764505,0,0
1768921200,28.64,29.1,28.35,29,30.806945737340364,30.953819497114345,31.193265560196878,0,0
1768923000,28.99,29.3,28.87,29,30.694686128177224,30.891158992622113,31.068768820829703,0,0
1768924800,29.01,29.1,28.785,28.86,30.55787357241238,30.806945737340364,30.91648607273254,0,0
1768926600,28.86,28.98,28.479,28.76,30.40556663855205,30.694686128177224,30.756456817420766,0,0
1768928400,28.75,29.15,28.71,28.9,30.247021565070355,30.55787357241238,30.58856244544845,0,0
1768930200,28.9,28.9,28.36,28.4293,30.086368083375795,30.40556663855205,30.42279890086974,0,0
1768932000,28.43,28.76,28.42,28.595,29.92784179280303,30.247021565070355,30.252384694761695,0,0
1768933800,28.59,28.645,28.291,28.56,29.771433759827712,30.086368083375795,30.08543788307504,0,0
1768935600,28.56,28.82,28.5103,28.64,29.620346481669134,29.92784179280303,29.92298245325594,0,0
1768937400,28.63,28.82,28.32,28.67,29.475456580014665,29.771433759827712,29.77433283934527,0,0
1768939200,28.67,28.79,28.48,28.69,29.338665776540644,29.620346481669134,29.62726516020478,0,0
1768941000,28.69,28.705,28.04,28.235,29.211509550982175,29.475456580014665,29.503244692956013,0,0
1769005800,28.36,28.55,27.92,28.035,29.09045245603715,29.338665776540644,29.383849373584283,0,0
1769007600,28.035,28.73,28,28.325,28.972730950350687,29.211509550982175,29.271242373787313,0,0
1769009400,28.3242,28.62,28.265,28.5961,28.861928453312252,29.09045245603715,29.151796203646263,0,0
1769011200,28.6,28.63,27.67,27.805,28.76040958121737,28.972730950350687,29.063858206527524,0,0
1769013000,27.8,27.85,27.06,27.0812,28.66144055733057,28.861928453312252,28.971428566547143,0,0
1769014800,27.08,27.2,26.76,27.08,28.550245683828745,28.76040958121737,28.853805978101274,0,0
1769016600,27.075,27.53,26.86,27.475,28.41809195239279,28.66144055733057,28.723897939931568,0,0
1769018400,27.475,27.57,27.18,27.365,28.28410786410391,28.550245683828745,28.58199913824706,0,0
1769020200,27.3625,27.82,27.325,27.66,28.155440432913064,28.41809195239279,28.449732330331702,0,0
1769022000,27.665,28.435,27.575,28.3537,28.039571256303454,28.28410786410391,28.34355658962076,0,0
1769023800,28.36,29.4097,28.26,29.275,27.942404818747825,28.155440432913064,28.265737628256755,0,0
1769025600,29.275,29.33,28.8,28.805,27.871697126232846,28.039571256303454,28.19086330649114,0,0
1769027400,28.8,29.45,28.73,29.35,27.830060263427633,27.942404818747825,28.152143145096048,0,0
1769092200,29.48,29.63,28.58,28.6777,27.81626648641567,27.871697126232846,28.152143145096048,0,0
1769094000,28.67,28.885,28.32,28.3675,27.821781106936882,27.830060263427633,28.152143145096048,0,0
1769095800,28.365,29.03,28.325,28.91,27.841341816384848,27.81626648641567,27.50721423219188,1,0
1769097600,28.92,29.1,28.68,28.93,27.871226907769962,27.821781106936882,27.545965579590778,0,0
1769099400,28.93,29.23,28.7347,29.0003,27.910812002928324,27.841341816384848,27.591094341047654,0,0
1769101200,29.01,29.18,28.8755,28.91,27.959648017113864,27.871226907769962,27.65189233108181,0,0
1769103000,28.92,29.325,28.72,29.21,28.01817523974009,27.910812002928324,27.71079495985318,0,0
1769104800,29.1901,29.37,29.1,29.32,28.086263458932965,27.959648017113864,27.791196056180837,0,0
1769106600,29.3299,29.4555,29.08,29.17,28.162056365982522,28.01817523974009,27.874654491998406,0,0
1769108400,29.17,29.31,29.04,29.28,28.2431796323061,28.086263458932965,27.966663606463705,0,0
1769110200,29.28,29.58,29.2693,29.44,28.33074402237431,28.162056365982522,28.062882712663516,0,0
1769112000,29.43,29.52,29.13,29.13,28.42767166686926,28.2431796323061,28.16501473642352,0,0
1769113800,29.13,29.33,28.74,28.83,28.527471585286364,28.33074402237431,28.26250443558675,0,0
1769178600,28.63,28.7475,27.94,28.23,28.617833563220895,28.42767166686926,28.34000692421411,0,0
1769180400,28.25,28.72,28.14,28.55,28.691399181014475,28.527471585286364,28.412703016222462,0,0
1769182200,28.545,28.9799,28.535,28.9187,28.746520207145142,28.617833563220895,28.471841625552557,0,0
1769184000,28.91,29.055,28.632,28.72,28.789530269682558,28.691399181014475,28.519364443918015,0,0
1769185800,28.72,29.24,28.72,29.0621,28.825606883866747,28.746520207145142,28.556167188513957,0,0
1769187600,29.0674,29.51,28.93,29.4901,28.8579511511717,28.789530269682558,28.587042862629826,0,0
1769189400,29.495,29.76,29.17,29.192,28.88995941632342,28.825606883866747,28.617330291248823,0,0
1769191200,29.19,29.5,29.05,29.39,28.923500763264464,28.8579511511717,28.654273718552336,0,0
1769193000,29.385,29.51,29.19,29.25,28.95924152291153,28.88995941632342,28.697816409964553,0,0
1769194800,29.26,29.2975,28.94,29.06,28.99442761399907,28.923500763264464,28.73890786626259,0,0
1769196600,29.05,29.1399,28.94,29.065,29.02666651908628,28.95924152291153,28.78225889618812,0,0
1769198400,29.065,29.21,28.82,28.925,29.05436668646027,28.99442761399907,28.81348817948341,0,0
1769200200,28.92,28.9999,28.65,28.73,29.076179628872357,29.02666651908628,28.84001030096527,0,0
1769437800,27.75,28.74,27.6,28.3,29.087824131361653,29.05436668646027,28.84001030096527,0,0
1769439600,28.3,28.68,28.075,28.32,29.085307404720968,29.076179628872357,28.84001030096527,0,0
1769441400,28.33,28.335,27.69,27.7514,29.064285118602587,29.087824131361653,28.84001030096527,0,0
1769443200,27.75,27.94,27.54,27.83,29.022974605405714,29.085307404720968,29.285463338599026,0,1
1769445000,27.84,27.97,27.6636,27.77,28.95943939968619,29.064285118602587,29.214121794794266,0,0
1769446800,27.77,27.88,27.73,27.7546,28.879393396419,29.022974605405714,29.121241334733643,0,0
1769448600,27.755,28.0276,27.71,27.905,28.791248512841964,28.95943939968619,29.0271644555627,0,0
1769450400,27.9,28.03,27.775,28.02,28.70256257997988,28.879393396419,28.930734526791994,0,0
1769452200,28.01,28.135,27.84,28.1137,28.61597523401568,28.791248512841964,28.83838489891264,0,0
1769454000,28.115,28.275,28,28.185,28.533710503058447,28.70256257997988,28.75005519189134,0,0
1769455800,28.18,28.26,27.82,27.9298,28.45778666999649,28.61597523401568,28.674392452484177,0,0
1769457600,27.92,28.1,27.79,27.83,28.3875763108664,28.533710503058447,28.599781680319253,0,0
1769459400,27.835,27.995,27.66,27.715,28.319219601569735,28.45778666999649,28.528231730347382,0,0
1769524200,27.86,28.26,27.72,28.09,28.25358263835441,28.3875763108664,28.467129615076512,0,0
1769526000,28.075,28.4,27.9,27.94,28.193641566933902,28.319219601569735,28.409792331032996,0,0
1769527800,27.94,28.14,27.8,28.08,28.14212563874296,28.25358263835441,28.35497991969212,0,0
1769529600,28.07,28.74,28.065,28.44,28.099631934041962,28.193641566933902,28.32138948063761,0,0
1769531400,28.42,28.88,28.41,28.54,28.068035084013207,28.14212563874296,28.290738520137737,0,0
1769533200,28.54,28.62,28.05,28.285,28.04966139586368,28.099631934041962,28.276814586550746,0,0
1769535000,28.285,28.3813,27.9701,28.185,28.041402045726013,28.068035084013207,28.26701572279257,0,0
1769536800,28.18,28.32,28.125,28.28,28.03806749442758,28.04966139586368,28.254530194560814,0,0
1769538600,28.2784,28.91,28.2763,28.79,28.039475493139726,28.041402045726013,28.254530194560814,0,0
1769540400,28.79,28.99,28.6,28.9195,28.051109797429294,28.03806749442758,28.254530194560814,0,0
1769542200,28.92,29.1,28.83,29.005,28.078866504425324,28.039475493139726,28.254530194560814,0,0
1769544000,29,29.475,28.92,29.362,28.12666085668728,28.051109797429294,27.90682223141382,1,0
1769545800,29.36,29.42,28.915,29.32,28.192412670313686,28.078866504425324,27.970241089702615,0,0
1769610600,29.96,30.46,29.72,29.855,28.2831327501823,28.12666085668728,28.03611628247202,0,0
1769612400,29.85,30.1,29.46,29.6406,28.392152625853164,28.192412670313686,28.139923048693618,0,0
1769614200,29.65,30.0299,29.65,29.75,28.51695020722706,28.2831327501823,28.26883345700748,0,0
1769616000,29.75,30.1,29.6202,30.045,28.65141471727817,28.392152625853164,28.40388487778856,0,0
1769617800,30.0406,30.11,29.58,29.62,28.78995807812064,28.51695020722706,28.541180370023145,0,0
1769619600,29.625,29.9,29.615,29.715,28.927601836502156,28.65141471727817,28.686415393268767,0,0
1769621400,29.71,30.395,29.49,30.03,29.06137935131069,28.78995807812064,28.805099082593973,0,0
1769623200,30.04,30.27,29.95,30.0499,29.19064198196566,28.927601836502156,28.941238875300137,0,0
1769625000,30.04,30.16,29.88,30.08,29.315307130591652,29.06137935131069,29.073718531545094,0,0
1769626800,30.05,30.4101,29.77,29.77,29.43374045236922,29.19064198196566,29.186547467540276,0,0
1769628600,29.8,30.5499,29.56,30.08,29.542939717291272,29.315307130591652,29.27804980280725,0,0
1769630400,30.085,30.48,30.03,30.2,29.642509597038046,29.43374045236922,29.380468962160027,0,0
1769632200,30.2,30.2,29.59,29.61,29.73216870646891,29.542939717291272,29.46705954551075,0,0
1769697000,28.68,28.73,27.5,27.56,29.805685467439343,29.642509597038046,29.48415553226391,0,0
1769698800,27.565,27.57,27.03,27.07,29.844579919354985,29.73216870646891,29.52673069383494,0,0
1769700600,27.065,27.22,26.74,27,29.82681843611085,29.805685467439343,30.13910700266518,0,1
1769702400,27,27.18,26.75,26.88,29.748778498341913,29.844579919354985,30.054117881570935,0,0
1769704200,26.88,26.98,26.665,26.89,29.614052680745544,29.82681843611085,29.908832108029635,0,0
1769706000,26.885,27.3,26.87,27.1406,29.438239991488686,29.748778498341913,29.727320888252486,0,0
1769707800,27.14,27.23,26.83,26.85,29.236658682669677,29.614052680745544,29.519376658236062,0,0
1769709600,26.845,26.92,26.29,26.395,28.990871360472934,29.438239991488686,29.275895194927433,0,0
1769711400,26.39,26.39,26.07,26.0803,28.712695861278302,29.236658682669677,28.988967993271764,0,0
1769713200,26.0801,26.38,26.02,26.375,28.410081353805495,28.990871360472934,28.679476904942284,0,0
1769715000,26.37,26.5294,26.1537,26.33,28.09702079873129,28.712695861278302,28.36059166764402,0,0
1769716800,26.33,26.515,26.09,26.165,27.790129419704034,28.410081353805495,28.050052369408714,0,0
1769718600,26.1601,26.69,26.16,26.69,27.506066224722176,28.09702079873129,27.76635182087652,0,0
1769783400,26,26.515,25.75,25.77,27.24761340806226,27.790129419704034,27.522878604491297,0,0
1769785200,25.78,25.975,25.4,25.465,27.008015277494962,27.506066224722176,27.28415438846478,0,0
1769787000,25.465,25.7974,25.365,25.49,26.77732195339702,27.24761340806226,27.049179699297564,0,0
1769788800,25.48,25.59,25.13,25.1318,26.551141895120537,27.008015277494962,26.820009802028185,0,0
1769790600,25.1333,25.4097,25.0901,25.16,26.327565481898866,26.77732195339702,26.588642824027396,0,0
1769792400,25.155,25.35,25.02,25.245,26.1062998192572,26.551141895120537,26.360514494090836,0,0
1769794200,25.24,25.29,24.875,24.875,25.89838760835949,26.327565481898866,26.149265520705008,0,0
1769796000,24.88,24.94,24.55,24.775,25.707514359824287,26.1062998192572,25.954400992716554,0,0
1769797800,24.77,25.36,24.56,25.17,25.536233547431294,25.89838760835949,25.794056849402686,0,0
1769799600,25.1666,25.74,25.16,25.4401,25.387662014744635,25.707514359824287,25.647783652289498,0,0
1769801400,25.44,25.56,25.14,25.145,25.26617201017811,25.536233547431294,25.52271353075548,0,0
1769803200,25.145,25.16,24.8701,24.8799,25.171286119289086,25.387662014744635,25.419856816968075,0,0
1769805000,24.87,25.33,24.835,25.1,25.097709405831697,25.26617201017811,25.346203625105044,0,0
1770042600,22.875,24.08,22.83,23.3193,25.031558937971592,25.171286119289086,25.343374998725416,0,0
1770044400,23.3,23.84,23.115,23.7325,24.95131350703838,25.097709405831697,25.266749849166928,0,0
1770046200,23.74,23.855,23.575431,23.675,24.850441234903588,25.031558937971592,25.1533310168801,0,0
1770048000,23.67,23.93,23.5,23.81,24.734848915734343,24.95131350703838,25.031460856141102,0,0
1770049800,23.81,23.825,23.265,23.275,24.610041021474007,24.850441234903588,24.905466394708856,0,0
1770051600,23.275,23.7199,23.245,23.4757,24.481825802173713,24.734848915734343,24.773110077320357,0,0
1770053400,23.4792,23.625,23.34,23.47,24.349312319893702,24.610041021474007,24.629969146815586,0,0
1770055200,23.47,23.49,23.2898,23.3499,24.218060723839933,24.481825802173713,24.48582063455311,0,0
1770057000,23.345,23.4999,23.13,23.13,24.09098162947646,24.349312319893702,24.352826546567268,0,0
1770058800,23.1298,23.3,23.06,23.145,23.96810740666704,24.218060723839933,24.21982054396565,0,0
1770060600,23.14,23.22,22.85,22.895,23.849330030375263,24.09098162947646,24.096277943581114,0,0
1770062400,22.9,23,22.63,22.66,23.73182699396107,23.96810740666704,23.974350056223646,0,0
1770064200,22.655,22.86,22.58,22.85,23.613791750119354,23.849330030375263,23.848991736506033,0,0
1770129000,23.09,23.0907,22.03,22.055,23.494105678811394,23.73182699396107,23.750387809027593,0,0
1770130800,22.0599,22.84,22,22.61,23.372843364788455,23.613791750119354,23.640819628560642,0,0
1770132600,22.605,22.73,22.33,22.58,23.249881927501914,23.494105678811394,23.5130027438618,0,0
1770134400,22.58,22.58,22,22.0901,23.12120104593336,23.372843364788455,23.38624180398183,0,0
1770136200,22.095,22.34,22.07,22.2389,22.990103464929703,23.249881927501914,23.245855597403278,0,0
1770138000,22.235,22.27,21.895,22.07,22.85925447507561,23.12120104593336,23.110131455229645,0,0
1770139800,22.0702,22.11,21.62,21.6232,22.722587758992695,22.990103464929703,22.973044954850014,0,0
1770141600,21.63,21.705,21.36,21.415,22.584868403792182,22.85925447507561,22.829757228516833,0,0
1770143400,21.415,21.535,21.1,21.105,22.430309515406933,22.722587758992695,22.673241995508395,0,0
1770145200,21.1,21.6599,21.0401,21.4801,22.26409603359094,22.584868403792182,22.511811907970866,0,0
1770147000,21.49,21.795,21.335,21.64,22.101678487211878,22.430309515406933,22.34812894199324,0,0
1770148800,21.64,21.99,21.5607,21.93,21.95891208076649,22.26409603359094,22.20309107449204,0,0
1770150600,21.93,22.425,21.93,22.35,21.84133482477797,22.101678487211878,22.08575103323741,0,0
1770215400,21.87,21.98,21.16,21.2099,21.753220066810506,21.95891208076649,22.0226779746657,0,0
1770217200,21.21,21.82,20.99,21.58,21.685886443845394,21.84133482477797,21.965740215425217,0,0
1770219000,21.57,21.61,21.05,21.42,21.62924787751323,21.753220066810506,21.90911209398021,0,0
1770220800,21.43,21.45,20.8,21.09,21.577368100942245,21.685886443845394,21.8604563019473,0,0
1770222600,21.085,21.12,20.53,20.91,21.524695969075122,21.62924787751323,21.808635012865526,0,0
1770224400,20.9,20.94,20.26,20.2951,21.465151438841055,21.577368100942245,21.753094836646433,0,0
1770226200,20.295,20.435,19.97,20.205,21.3913992850069,21.524695969075122,21.675382440111893,0,0
1770228000,20.21,20.28,19.9,20.23,21.301480404842096,21.465151438841055,21.578750477439588,0,0
1770229800,20.23,20.52,20.11,20.212,21.197626133087137,21.3913992850069,21.469734057641954,0,0
1770231600,20.22,20.35,20.05,20.19,21.085102741850232,21.301480404842096,21.348488671793987,0,0
1770233400,20.1822,20.77,20.1401,20.77,20.976123280948684,21.197626133087137,21.2431923587536,0,0
1770235200,20.77,20.785,20.375,20.39,20.875785728513684,21.085102741850232,21.138421300761106,0,0
1770237000,20.39,20.73,20.27,20.3,20.78708914890465,20.976123280948684,21.047393608848683,0,0
1770301800,19.25,20.07,19.19,19.255,20.705373354425962,20.875785728513684,20.986727495802565,0,0
1770303600,19.25,19.31,18.45,18.475,20.614075089909214,20.78708914890465,20.90604679261606,0,0
1770305400,18.47,18.88,18.36,18.66,20.499181987919155,20.705373354425962,20.788869997575514,0,0
1770307200,18.66,18.94,18.38,18.9394,20.357700035187612,20.614075089909214,20.64669604415423,0,0
1770309000,18.94,19.02,18.48,18.865,20.19370264756646,20.499181987919155,20.48134179874975,0,0
1770310800,18.865,18.91,18.3301,18.59,20.012795003514306,20.357700035187612,20.30059921532736,0,0
1770312600,18.59,18.79,18.35,18.365,19.810726840885625,20.19370264756646,20.093687894712033,0,0
1770314400,18.365,18.4787,18.15,18.31,19.60442701261657,20.012795003514306,19.878915848312516,0,0
1770316200,18.315,18.375,18.05,18.3099,19.395620582606625,19.810726840885625,19.662110215752865,0,0
1770318000,18.3003,18.35,18.08,18.16,19.18996711309545,19.60442701261657,19.447064629588386,0,0
1770319800,18.16,18.16,17.89,17.9357,18.99238070097463,19.395620582606625,19.240756966289496,0,0
1770321600,17.935,18.08,17.54,17.57,18.803170485054714,19.18996711309545,19.053091302847093,0,0
1770323400,17.575,17.63,17.19,17.415,18.61947726085331,18.99238070097463,18.867260877374804,0,0
1770388200,18.775,19.455,18.7,19.06,18.454896436587816,18.803170485054714,18.75783836621492,0,0
1770390000,19.07,19.42,18.95,19.16,18.319215597377102,18.61947726085331,18.61730453203084,0,0
1770391800,19.16,19.63,19.11,19.525,18.22020832431744,18.454896436587816,18.515576620781623,0,0
1770393600,19.53,20.015,19.39,19.95,18.15646412470675,18.319215597377102,18.45305611428064,0,0
1770395400,19.96,20.05,19.815,19.9298,18.129776515204888,18.22020832431744,18.41357621980921,0,0
1770397200,19.925,20.33,19.855,20.31,18.135337378471768,18.15646412470675,18.41357621980921,0,0
1770399000,20.315,20.48,20.15,20.155,18.16932586550938,18.129776515204888,17.897082752865856,1,0
1770400800,20.155,20.22,19.935,20.075,18.231520899327023,18.135337378471768,17.968545151872323,0,0
1770402600,20.08,20.31,19.99,20.165,18.324226995825963,18.16932586550938,18.068606658903743,0,0
1770404400,20.165,20.31,20.045,20.2666,18.442143607020682,18.231520899327023,18.19531757987862,0,0
1770406200,20.25,20.42,20.19,20.255,18.578001246612104,18.324226995825963,18.340591364265904,0,0
1770408000,20.25,20.555,20.13,20.495,18.72654003267536,18.442143607020682,18.4909094276396,0,0
1770409800,20.495,20.7,20.39,20.45,18.886651422876632,18.578001246612104,18.656780146772,0,0
1770647400,19.42,20.79,19.33,20.64,19.05168539589761,18.72654003267536,18.786090639514736,0,0
1770649200,20.645,20.94,20.41,20.435,19.21967483363509,18.886651422876632,18.954122559850994,0,0
1770651000,20.44,20.82,20.37,20.715,19.388065641687547,19.05168539589761,19.125409958888028,0,0
1770652800,20.715,20.77,20.535,20.6798,19.556004651757966,19.21967483363509,19.303717232015558,0,0
1770654600,20.675,21.025,20.54,20.8856,19.723263035311128,19.388065641687547,19.47167471697889,0,0
1770656400,20.88,21.055,20.74,20.825,19.893432040076913,19.556004651757966,19.648564315911266,0,0
1770658200,20.82,21.29,20.8,21.2407,20.072835285558966,19.723263035311128,19.827958113119436,0,0
1770660000,21.24,21.37,20.92,21.185,20.248583427317797,19.893432040076913,20.00512605290966,0,0
1770661800,21.19,21.4283,21.11,21.4277,20.419515024958947,20.072835285558966,20.182079605865678,0,0
1770663600,21.42,21.495,21.27,21.485,20.583016605579974,20.248583427317797,20.354505144993368,0,0
1770665400,21.48,21.665,21.46,21.629,20.738165572101725,20.419515024958947,20.518654930128445,0,0
1770667200,21.62,21.74,21.45,21.57,20.88545168319989,20.583016605579974,20.671263229938987,0,0
1770669000,21.56,21.7499,21.4,21.42,21.02087838056189,20.738165572101725,20.80949267396248,0,0
1770733800,20.705,21.13,20.52,20.7718,21.13932114064834,20.88545168319989,20.91089155594889,0,0
1770735600,20.775,21.06,20.71,20.8967,21.234133334804735,21.02087838056189,21.00952014901239,0,0
1770737400,20.89,21.17,20.85,21.0053,21.30335159287841,21.13932114064834,21.08335363464266,0,0
1770739200,21.01,21.27,20.9,21.1545,21.350117688746415,21.234133334804735,21.132619584670362,0,0
1770741000,21.15,21.245,21.04,21.045,21.38064535018802,21.30335159287841,21.17136139640311,0,0
1770742800,21.04,21.15,20.98,21.04,21.399524829532567,21.350117688746415,21.19911830101801,0,0
1770744600,21.04,21.19,20.9801,21.055,21.40891280289873,21.38064535018802,21.2153245978495,0,0
1770746400,21.06,21.06,20.47,20.47,21.409581012220546,21.399524829532567,21.2153245978495,0,0
1770748200,20.47,20.565,20.3,20.485,21.400686584262132,21.40891280289873,21.2153245978495,0,0
1770750000,20.49,20.53,20.305,20.415,21.379800164810327,21.409581012220546,21.2153245978495,0,0
1770751800,20.42,20.58,20.33,20.35,21.34716553884841,21.400686584262132,21.2153245978495,0,0
1770753600,20.35,20.36,20.1,20.115,21.300987897861553,21.379800164810327,21.2153245978495,0,0
1770755400,20.115,20.32,19.95,20.01,21.241059010320264,21.34716553884841,21.2153245978495,0,0
1770820200,20.56,20.56,19.475,19.5193,21.16249640706138,21.300987897861553,21.369923441414883,0,1
1770822000,19.52,19.575,19.02,19.1799,21.05479198643979,21.241059010320264,21.267224232625185,0,0
1770823800,19.1701,19.5,19.07,19.38,20.91417740727632,21.16249640706138,21.126793064448474,0,0
1770825600,19.39,19.68,19.34,19.3801,20.750493117425837,21.05479198643979,20.960064799085693,0,0
1770827400,19.38,19.4376,19.16,19.17,20.56461889154808,20.91417740727632,20.769135453089376,0,0
1770829200,19.175,19.525,19.11,19.46,20.376408914942317,20.750493117425837,20.581138579230664,0,0
1770831000,19.46,19.49,19.29,19.305,20.194644376729517,20.56461889154808,20.391893350711552,0,0
1770832800,19.305,19.43,19.08,19.395,20.02788055224211,20.376408914942317,20.223540313796857,0,0
1770834600,19.395,19.525,19.27,19.5,19.878755464478424,20.194644376729517,20.069546671636402,0,0
1770836400,19.5,19.7,19.465,19.555,19.74990308515374,20.02788055224211,19.93545920608615,0,0
1770838200,19.555,19.69,19.4,19.555,19.644521608468885,19.878755464478424,19.82718086362041,0,0
1770840000,19.56,19.58,19.31,19.33,19.561709361790935,19.74990308515374,19.740964384431635,0,0
1770841800,19.325,19.555,19.31,19.5,19.496792786087752,19.644521608468885,19.67199387853983,0,0
1770906600,19.98,20.06,19.33,19.62,19.44646209034933,19.561709361790935,19.635220247626258,0,0
1770908400,19.62,19.82,19.4801,19.685,19.4100170211487,19.496792786087752,19.597431738620134,0,0
1770910200,19.69,19.75,19.325,19.375,19.386618887844655,19.44646209034933,19.57582541121099,0,0
1770912000,19.38,19.43,18.73,18.75,19.371492970396645,19.4100170211487,19.572184742093953,0,0
1770913800,18.75,19.13,18.68,19.105,19.35502420051265,19.386618887844655,19.55745227423158,0,0
1770915600,19.1,19.4,18.99,19.2874,19.334849575937472,19.371492970396645,19.537461358676477,0,0
1770917400,19.29,19.57,19.23,19.37,19.31424961161241,19.35502420051265,19.51453198129863,0,0
1770919200,19.365,19.545,19.2,19.3375,19.296737081527077,19.334849575937472,19.49503499623571,0,0
1770921000,19.33,19.635,19.27,19.465,19.28356533149644,19.31424961161241,19.480734823725886,0,0
1770922800,19.47,19.595,19.385,19.4901,19.275002425426898,19.296737081527077,19.465588382497096,0,0
1770924600,19.49,19.79,19.47,19.62,19.271366491922333,19.28356533149644,19.45976773777323,0,0
1770926400,19.63,19.79,19.54,19.6,19.273947151302146,19.275002425426898,19.45781973673512,0,0
1770928200,19.605,19.865,19.585,19.74,19.28285178766625,19.271366491922333,19.45781973673512,0,0
1770993000,20.24,20.87,20.0435,20.45,19.303465989281374,19.273947151302146,19.45781973673512,0,0
1770994800,20.46,21.25,20.3693,21.24,19.348364332382047,19.28285178766625,19.123595137704115,1,0
1770996600,21.235,21.41,20.75,20.95,19.425481270606113,19.303465989281374,19.193195589833746,0,0
1770998400,20.95,21.27,20.86,21.21,19.531996517905235,19.348364332382047,19.301659814330893,0,0
1771000200,21.21,21.595,21.125,21.375,19.667049388494718,19.425481270606113,19.436379592318545,0,0
1771002000,21.37,21.445,21.13,21.27,19.825222327515668,19.531996517905235,19.599778945352078,0,0
1771003800,21.27,21.52,21.18,21.23,19.996884438726234,19.667049388494718,19.775401298145756,0,0
1771005600,21.235,21.295,20.945,20.9699,20.16542094266015,19.825222327515668,19.94725802640685,0,0
1771007400,20.965,21.27,20.925,21.2335,20.325151842657036,19.996884438726234,20.11025056327897,0,0
1771009200,21.235,21.275,20.88,20.915,20.47139737756778,20.16542094266015,20.25773904671672,0,0
1771011000,20.915,21.2,20.86,20.96,20.604200548159483,20.325151842657036,20.39366066951207,0,0
1771012800,20.97,21.125,20.75,20.825,20.717942713242024,20.47139737756778,20.509048540212284,0,0
1771014600,20.82,21.01,20.733,20.985,20.810791025020166,20.604200548159483,20.606925007206836,0,0
1771338600,20.61,20.68,19.77,19.8,20.885639261387222,20.717942713242024,20.652942244846273,0,0
1771340400,19.795,20.14,19.78,20.015,20.93811157232296,20.810791025020166,20.709178628392078,0,0
1771342200,20.01,20.19,19.87,20.1813,20.96559756581393,20.885639261387222,20.741588403592395,0,0
1771344000,20.19,20.52,20.14,20.345,20.96962064971286,20.93811157232296,20.748040713364293,0,0
1771345800,20.35,20.63,20.285,20.38,20.958192854419195,20.96559756581393,20.748040713364293,0,0
1771347600,20.365,20.415,20.09,20.19,20.93770413764397,20.96962064971286,21.151808776638397,0,1
1771349400,20.18,20.2151,19.89,20.095,20.910250512233763,20.958192854419195,21.1206726770143,0,0
1771351200,20.1,20.23,19.92,20.21,20.875567588982495,20.93770413764397,21.08203102770728,0,0
1771353000,20.21,20.55,20.17,20.45,20.833935540127186,20.910250512233763,21.03922301894306,0,0
1771354800,20.445,20.49,20.225,20.265,20.788486703968346,20.875567588982495,20.988575077154515,0,0
1771356600,20.27,20.395,20.23,20.265,20.742052179471724,20.833935540127186,20.933741383144593,0,0
1771358400,20.27,20.32,19.98,20.06,20.6936983557985,20.788486703968346,20.883838330637595,0,0
1771360200,20.065,20.23,20,20.19,20.642840988811738,20.742052179471724,20.827613822590894,0,0
1771425000,20.08,20.21,19.81,20.18,20.58894497418005,20.6936983557985,20.774805462689265,0,0
1771426800,20.18,20.52,20.18,20.35,20.53620143842944,20.642840988811738,20.720929034902287,0,0
1771428600,20.35,20.67,20.3,20.42,20.487707840818207,20.58894497418005,20.67245489468585,0,0
1771430400,20.42,20.43,20.23,20.305,20.446000091427813,20.53620143842944,20.62469378430491,0,0
1771432200,20.3,20.38,20.24,20.35,20.410920395851623,20.487707840818207,20.58185025352321,0,0
1771434000,20.35,20.45,20.18,20.205,20.380987711106272,20.446000091427813,20.549351150372747,0,0
1771435800,20.205,20.275,19.9825,20.06,20.35457735355619,20.410920395851623,20.52136126144649,0,0
1771437600,20.055,20.12,19.905,20,20.329694130527823,20.380987711106272,20.492243473568816,0,0
1771439400,19.99,20.04,19.905,19.975,20.304894100273415,20.35457735355619,20.460654204525763,0,0
1771441200,19.97,20.05,19.83,19.87,20.27920785136542,20.329694130527823,20.431699376742603,0,0
1771443000,19.88,19.89,19.61,19.695,20.25064403242612,20.304894100273415,20.402243305990645,0,0
1771444800,19.695,19.8,19.59,19.62,20.217068268075014,20.27920785136542,20.365339022099217,0,0
1771446600,19.615,19.95,19.585,19.86,20.180351454471108,20.25064403242612,20.33106715463644,0,0
1771511400,19.5,19.91,19.25,19.815,20.141590403047775,20.217068268075014,20.30511212462987,0,0
1771513200,19.82,19.95,19.58,19.6501,20.101987777900035,20.180351454471108,20.267043662226264,0,0
1771515000,19.65,19.875,19.565,19.72,20.061059759778438,20.141590403047775,20.225397366652793,0,0
1771516800,19.7,19.71,19.4,19.43,20.018896564349824,20.101987777900035,20.182924342161726,0,0
1771518600,19.44,19.645,19.44,19.565,19.975221944751695,20.061059759778438,20.135212024148462,0,0
1771520400,19.57,19.9166,19.5,19.755,19.93208812933851,20.018896564349824,20.095528917349792,0,0
1771522200,19.755,19.815,19.54,19.63,19.891105535966787,19.975221944751695,20.05269341054869,0,0
1771524000,19.625,19.83,19.54,19.79,19.85370552156938,19.93208812933851,20.014108547966863,0,0
1771525800,19.78,19.8451,19.64,19.76,19.820583144081873,19.891105535966787,19.976853811450965,0,0
1771527600,19.76,19.83,19.515,19.57,19.7919794513079,19.85370552156938,19.94833792815063,0,0
1771529400,19.57,19.695,19.5,19.615,19.76659567117051,19.820583144081873,19.9187499710959,0,0
1771531200,19.615,19.69,19.515,19.585,19.742974199802752,19.7919794513079,19.890510335447757,0,0
1771533000,19.585,19.96,19.525,19.95,19.72168110290341,19.76659567117051,19.874214657430915,0,0
1771597800,19.78,20.175,19.7,19.97,19.70432733673736,19.742974199802752,19.86292992308433,0,0
1771599600,19.98,20.4,19.75,20.1,19.69267240024827,19.72168110290341,19.86292992308433,0,0
1771601400,20.09,20.175,19.82,20.16,19.687797313369455,19.70432733673736,19.85878627812781,0,0
1771603200,20.17,20.405,20.12,20.125,19.690932143816717,19.69267240024827,19.85878627812781,0,0
1771605000,20.12,20.25,20.05,20.17,19.702699206426,19.687797313369455,19.85878627812781,0,0
1771606800,20.17,20.195,19.67,19.785,19.719623166088756,19.690932143816717,19.85878627812781,0,0
1771608600,19.785,20.13,19.74,20.125,19.73866173088841,19.702699206426,19.85878627812781,0,0
1771610400,20.12,20.135,19.875,19.99,19.758550775989008,19.719623166088756,19.85878627812781,0,0
1771612200,19.99,20.37,19.9,20.3586,19.779815571295416,19.73866173088841,19.85878627812781,0,0
1771614000,20.355,20.4,19.97,19.995,19.80328146935026,19.758550775989008,19.85878627812781,0,0
1771615800,20,20.065,19.86,19.89,19.828331317751537,19.779815571295416,19.85878627812781,0,0
1771617600,19.89,20.055,19.861,19.915,19.85263078387148,19.80328146935026,19.85878627812781,0,0
1771619400,19.91,20.19,19.87,20.12,19.874816196680534,19.828331317751537,19.85878627812781,0,0
1771857000,19.5,19.66,19.15,19.565,19.89368565103725,19.85263078387148,19.85878627812781,0,0
1771858800,19.56,19.68,19.345,19.5252,19.906313734029357,19.874816196680534,19.85878627812781,0,0
1771860600,19.53,19.62,19.15,19.16,19.90928829361576,19.89368565103725,19.85878627812781,0,0
1771862400,19.165,19.24,18.98,19.225,19.901452685759814,19.906313734029357,19.85878627812781,0,0
1771864200,19.22,19.3,19.09,19.12,19.88304033211521,19.90928829361576,19.85878627812781,0,0
1771866000,19.125,19.2285,18.995,19,19.85443957525382,19.901452685759814,19.85878627812781,0,0
1771867800,18.99,19.065,18.81,19.02,19.813845888588027,19.88304033211521,19.85878627812781,0,0
1771869600,19.01,19.06,18.94,18.96,19.761557309207085,19.85443957525382,19.85878627812781,0,0
1771871400,18.97,19.17,18.93,19.035,19.699987271124826,19.813845888588027,19.85878627812781,0,0
1771873200,19.035,19.12,18.865,18.885,19.632305119728656,19.761557309207085,19.79124565443494,0,0
1771875000,18.889,19.195,18.86,19.085,19.561278682087828,19.699987271124826,19.720830607172235,0,0
1771876800,19.08,19.14,18.9,18.94,19.490006767474053,19.632305119728656,19.646733555052432,0,0
1771878600,18.93,19.24,18.905,19.24,19.42260735824821,19.561278682087828,19.580103660999562,0,0
1771943400,18.75,19.31,18.65,19.187,19.360265946338274,19.490006767474053,19.530083941750245,0,0
1771945200,19.18,19.45,18.985,19.45,19.304846676222855,19.42260735824821,19.479141957676827,0,0
1771947000,19.44,19.505,19.2,19.31,19.258591866855436,19.360265946338274,19.43133034249127,0,0
1771948800,19.32,19.54,19.29,19.365,19.22270653517254,19.304846676222855,19.392035119691528,0,0
1771950600,19.36,19.36,19.1,19.225,19.196736797147942,19.258591866855436,19.363434768487,0,0
1771952400,19.225,19.36,19.2,19.215,19.17841829530356,19.22270653517254,19.33892355440411,0,0
1771954200,19.215,19.39,19.2,19.35,19.16603404651687,19.196736797147942,19.321860358538814,0,0
1771956000,19.35,19.435,19.13,19.3,19.157642641536043,19.17841829530356,19.313231359842135,0,0
1771957800,19.3,19.47,19.29,19.345,19.15307330387953,19.16603404651687,19.303977113735186,0,0
1771959600,19.35,19.6,19.24,19.335,19.152204152913757,19.157642641536043,19.303977113735186,0,0
1771961400,19.335,19.5,19.25,19.29,19.15531801840354,19.15307330387953,19.303977113735186,0,0
1771963200,19.28,19.3819,19.225,19.3,19.161212700627978,19.152204152913757,19.303977113735186,0,0
1771965000,19.31,19.47,19.285,19.44,19.169515903072636,19.15531801840354,19.303977113735186,0,0
1772029800,20.5,21.1399,20.485,21.05,19.19543639760536,19.161212700627978,19.002873077127404,1,0
1772031600,21.04,21.31,20.865,21.3,19.267541886524576,19.169515903072636,19.072840231795045,0,0
1772033400,21.305,21.725,21.1,21.525,19.408263155950912,19.19543639760536,19.20514733370206,0,0
1772035200,21.525,21.84,21.39,21.7792,19.625666826690875,19.267541886524576,19.420987848888373,0,0
1772037000,21.78,21.88,21.68,21.8299,19.896476235513646,19.408263155950912,19.69927432755418,0,0
1772038800,21.82,22.09,21.75,21.8963,20.20254295244154,19.625666826690875,20.00728403790775,0,0
1772040600,21.895,22.17,21.825,22.115,20.5194535126858,19.896476235513646,20.325820234904423,0,0
1772042400,22.115,22.1599,21.9,22.1337,20.833541660737104,20.20254295244154,20.64445718851154,0,0
1772044200,22.135,22.165,21.935,21.975,21.123944405225146,20.5194535126858,20.940151681015692,0,0
1772046000,21.975,22,21.76,21.815,21.374873670740477,20.833541660737104,21.19563756968884,0,0
1772047800,21.815,21.94,21.69,21.8552,21.58026234364224,21.123944405225146,21.404900249808577,0,0
1772049600,21.855,21.98,21.525,21.535,21.73747237161451,21.374873670740477,21.55838614162611,0,0
1772051400,21.535,21.845,21.45,21.48,21.85003528181149,21.58026234364224,21.669633782536547,0,0
1772116200,21.45,21.6,21,21.34,21.925274538387004,21.73747237161451,21.736330289060273,0,0
1772118000,21.335,21.39,20.76,20.8614,21.96821874829948,21.85003528181149,21.770270516781803,0,0
1772119800,20.85,21.115,20.64,21.05,21.97946847802985,21.925274538387004,21.778695120192005,0,0
1772121600,21.05,21.13,20.815,21.025,21.961504121016635,21.96821874829948,22.159186524723204,0,1
1772123400,21.02,21.03,20.105,20.14,21.924821392529907,21.97946847802985,22.141419338828864,0,0
1772125200,20.135,20.4362,20.125,20.39,21.86908282482947,21.961504121016635,22.081323774964215,0,0
1772127000,20.38,20.47,20.04,20.19,21.796303258970205,21.924821392529907,22.00874128409533,0,0
1772128800,20.195,20.22,19.915,19.995,21.70471710844738,21.86908282482947,21.912873846063565,0,0
1772130600,19.995,20.2381,19.96,20.15,21.59379015833612,21.796303258970205,21.79701070040829,0,0
1772132400,20.145,20.64,20.13,20.54,21.471822903256015,21.70471710844738,21.67874197803732,0,0
1772134200,20.54,20.665,20.44,20.515,21.345950440964337,21.59379015833612,21.546125296118404,0,0
1772136000,20.51,20.845,20.475,20.675,21.224983459792856,21.471822903256015,21.424074396721632,0,0
1772137800,20.675,20.785,20.385,20.415,21.11285905008123,21.345950440964337,21.312014920086522,0,0
1772202600,19.74,19.85,19.415,19.5205,21.00225520268144,21.224983459792856,21.222899939114924,0,0
1772204400,19.52,19.785,19.445,19.705,20.879691295911698,21.11285905008123,21.096718551171364,0,0
1772206200,19.7,19.72,19.415,19.455,20.738928956099983,21.00225520268144,20.951347121698245,0,0
1772208000,19.45,19.465,19.22,19.275,20.583599368059055,20.879691295911698,20.789594807543153,0,0
1772209800,19.28,19.36,19.12,19.1924,20.418605334211257,20.738928956099983,20.618458242303635,0,0
1772211600,19.2,19.3,19.03,19.045,20.248437045763527,20.583599368059055,20.443657603277877,0,0
1772213400,19.05,19.23,19.035,19.225,20.07981968966201,20.418605334211257,20.268060207353905,0,0
1772215200,19.225,19.235,18.93,19.025,19.917446089283295,20.248437045763527,20.103133712854344,0,0
1772217000,19.029,19.1,18.975,19,19.765380863362157,20.07981968966201,19.942269370963842,0,0
1772218800,18.995,19.0951,18.91,18.935,19.624846165996225,19.917446089283295,19.795710494483505,0,0
1772220600,18.93,18.99,18.885,18.93,19.495929581017695,19.765380863362157,19.658339314613027,0,0
1772222400,18.925,19.1,18.88,19.025,19.380629923613544,19.624846165996225,19.53929610480921,0,0
1772224200,19.025,19.125,18.88,19.005,19.279654964435885,19.495929581017695,19.435737846974718,0,0
1772461800,18.9,19.92,18.82,19.885,19.193720025991325,19.380629923613544,19.37793984549167,0,0
1772463600,19.885,20.81,19.825,20.49,19.126709331206442,19.279654964435885,19.33294916359962,0,0
1772465400,20.485,21.015,20.4301,20.8299,19.08782615012923,19.193720025991325,19.30022385163718,0,0
1772467200,20.82,21.16,20.68,20.72,19.080716529853976,19.126709331206442,19.295085824111357,0,0
1772469000,20.712718,20.995,20.56,20.915,19.101955838467113,19.08782615012923,18.887362922370972,1,0
1772470800,20.915,20.96,20.69,20.72,19.146146756051948,19.080716529853976,18.93723904824839,0,0
1772472600,20.715,20.765,20.54,20.66,19.207956596642795,19.101955838467113,19.005935153682348,0,0
1772474400,20.655,20.68,20.46,20.53,19.291834619137347,19.146146756051948,19.09638613638836,0,0
1772476200,20.54,20.735,20.505,20.54,19.389219440701098,19.207956596642795,19.199517278148466,0,0
1772478000,20.55,20.55,20.315,20.395,19.49284682365564,19.291834619137347,19.308301958428196,0,0
1772479800,20.395,20.62,20.34,20.455,19.60070144279225,19.389219440701098,19.41933835365248,0,0
1772481600,20.45,20.67,20.31,20.42,19.70875032711674,19.49284682365564,19.527484601486954,0,0
1772483400,20.41,20.52,20.32,20.425,19.814229190883076,19.60070144279225,19.638768159941133,0,0
1772548200,19.55,20.01,19.26,19.275,19.909289747860864,19.70875032711674,19.704754504843347,0,0
1772550000,19.28,19.41,18.98,18.985,19.987588100883613,19.814229190883076,19.78230537522449,0,0
1772551800,18.985,19.5798,18.9708,19.45,20.0428034722779,19.909289747860864,19.83043379845157,0,0
1772553600,19.45,20.16,19.405,20.109,20.074126665153866,19.987588100883613,19.849961968029415,0,0
1772555400,20.1,20.1,19.6101,19.75,20.09018857034228,20.0428034722779,19.864217780155293,0,0
1772557200,19.76,19.845,19.53,19.815,20.097838193129988,20.074126665153866,19.87675817367064,0,0
1772559000,19.82,19.97,19.675,19.85,20.098782433988898,20.09018857034228,19.882958130205218,0,0
1772560800,19.845,20.11,19.7196,20.05,20.095258641119845,20.097838193129988,19.882958130205218,0,0
1772562600,20.045,20.1798,19.935,19.965,20.089328745695084,20.098782433988898,19.882958130205218,0,0
1772564400,19.97,19.99,19.735,19.8101,20.081793010672456,20.095258641119845,19.882958130205218,0,0
1772566200,19.815,20.03,19.7648,19.775,20.072142718059837,20.089328745695084,19.882958130205218,0,0
1772568000,19.78,19.875,19.6,19.635,20.0592592377578,20.081793010672456,19.882958130205218,0,0
1772569800,19.63,19.74,19.495,19.58,20.041534046275267,20.072142718059837,19.882958130205218,0,0
1772634600,21,21.42,20.66,20.785,20.024196491582966,20.0592592377578,19.882958130205218,0,0
1772636400,20.79,21.5,20.79,21.4801,20.017098705512677,20.041534046275267,19.882958130205218,0,0
1772638200,21.485,21.867,21.27,21.795,20.03168918795262,20.024196491582966,19.882958130205218,0,0
1772640000,21.8,21.855,21.325,21.595,20.072715023823548,20.017098705512677,19.882958130205218,0,0
1772641800,21.595,21.62,21.4301,21.5199,20.13587676337274,20.03168918795262,19.8941766484183,0,0
1772643600,21.515,21.75,21.3619,21.42,20.215234699484647,20.072715023823548,19.97693816416981,0,0
1772645400,21.42,21.5,21.24,21.3027,20.30392031073331,20.13587676337274,20.073359242226676,0,0
1772647200,21.305,21.35,21.11,21.25,20.401668380880494,20.215234699484647,20.179004531552906,0,0
1772649000,21.255,21.36,21.135,21.2899,20.505752032865587,20.30392031073331,20.29095702991854,0,0
1772650800,21.285,21.57,21.28,21.455,20.6106073717909,20.401668380880494,20.40079772619721,0,0
1772652600,21.455,21.71,21.375,21.635,20.714186332337547,20.505752032865587,20.507398804286268,0,0
1772654400,21.6338,21.66,21.33,21.385,20.816210311142044,20.6106073717909,20.612407606522996,0,0
1772656200,21.395,21.425,21.07,21.09,20.912883116699746,20.714186332337547,20.710959176696345,0,0
1772721000,21.03,21.3,20.825,21.15,20.99905579273297,20.816210311142044,20.794590705586955,0,0
1772722800,21.15,21.34,20.51,20.5197,21.07128729424169,20.912883116699746,20.851783999034676,0,0
1772724600,20.52,20.545,20.3201,20.535,21.127332021256834,20.99905579273297,20.91547538999318,0,0
1772726400,20.53,20.55,20.05,20.18,21.164874665102605,21.07128729424169,20.95029350750064,0,0
1772728200,20.19,20.515,20.165,20.395,21.182441538805108,21.127332021256834,20.97068760674614,0,0
1772730000,20.4,20.58,20.125,20.21,21.18134941962462,21.164874665102605,20.97068760674614,0,0
1772731800,20.205,20.23,19.93,19.945,21.165424750609507,21.182441538805108,20.97068760674614,0,0
1772733600,19.945,20.255,19.9273,20.115,21.13139883123468,21.18134941962462,21.336604913134664,0,1
1772735400,20.115,20.23,20.055,20.105,21.078210561976636,21.165424750609507,21.27500906659805,0,0
1772737200,20.1,20.38,20.08,20.205,21.004112358983537,21.13139883123468,21.197568113274848,0,0
1772739000,20.205,20.205,20,20.025,20.918096604489833,21.078210561976636,21.10505551918891,0,0
1772740800,20.02,20.42,20.015,20.315,20.82913535959792,21.004112358983537,21.01720435181849,0,0
1772742600,20.31,20.4762,20.235,20.36,20.74294049127492,20.918096604489833,20.92619026976545,0,0
1772807400,19.53,19.57,19.03,19.18,20.655979604647875,20.82913535959792,20.873640113246225,0,0
1772809200,19.18,19.56,19.175,19.48,20.56176024562979,20.74294049127492,20.777623575042544,0,0
1772811000,19.476,19.555,19.06,19.271,20.4536065672754,20.655979604647875,20.671729658872955,0,0
1772812800,19.28,19.4,19.129,19.235,20.32935034416424,20.56176024562979,20.54157178636197,0,0
1772814600,19.24,19.38,19.17,19.32,20.1948172758172,20.4536065672754,20.399380043572236,0,0
1772816400,19.33,19.37,19.105,19.18,20.057985894155866,20.32935034416424,20.25740132135697,0,0
1772818200,19.175,19.25,19.025,19.175,19.92496719644051,20.1948172758172,20.118174378841534,0,0
1772820000,19.17,19.39,19.165,19.305,19.800129744493603,20.057985894155866,19.987572128151697,0,0
1772821800,19.3,19.435,19.08,19.09,19.68634680917964,19.92496719644051,19.87307902257644,0,0
1772823600,19.09,19.31,19.075,19.095,19.584743857517466,19.800129744493603,19.766530912814495,0,0
1772825400,19.1,19.23,19.065,19.08,19.49447971165686,19.68634680917964,19.669174834432674,0,0
1772827200,19.08,19.18,18.85,18.875,19.413707593640165,19.584743857517466,19.58771020764628,0,0
1772829000,18.875,19.06,18.84,18.89,19.340000136158558,19.49447971165686,19.509431134878522,0,0
1773063000,19.76,19.79,19.27,19.4199,19.274381239011646,19.413707593640165,19.463852880680182,0,0
1773064800,19.415,19.9,19.38,19.74,19.220354482595084,19.340000136158558,19.41486386414444,0,0
1773066600,19.74,19.86,19.57,19.685,19.181404397182177,19.274381239011646,19.37237739433515,0,0
1773068400,19.69,19.845,19.61,19.835,19.158614716611943,19.220354482595084,19.344339642539705,0,0
1773070200,19.84,19.886,19.62,19.735,19.14993100914366,19.181404397182177,19.33188986893372,0,0
1773072000,19.74,19.9093,19.595,19.845,19.15371006817083,19.158614716611943,19.33188986893372,0,0
1773073800,19.85,20.1,19.78,20.085,19.167895552872096,19.14993100914366,19.33188986893372,0,0
1773075600,20.085,20.1,19.84,19.875,19.195921498078032,19.15371006817083,19.33188986893372,0,0
1773077400,19.87,20.02,19.78,20,19.234227751354453,19.167895552872096,19.33188986893372,0,0
1773079200,20,20.14,19.88,19.9439,19.282796238573823,19.195921498078032,19.33188986893372,0,0
1773081000,19.94,20.055,19.9,19.915,19.33843393361057,19.234227751354453,19.33188986893372,0,0
1773082800,19.92,20.545,19.9,20.505,19.401841052459936,19.282796238573823,19.228493499558294,1,0
1773084600,20.505,20.74,20.38,20.697,19.479685811585664,19.33843393361057,19.305863083891282,0,0
1773149400,20.62,21.09,20.48,20.71,19.57927898568257,19.401841052459936,19.396086452823504,0,0
1773151200,20.72,20.785,20.345,20.43,19.68782509742546,19.479685811585664,19.50200345977061,0,0
1773153000,20.43,21.31,20.4,21.23,19.80866306415429,19.57927898568257,19.60361440061764,0,0
1773154800,21.22,21.3,20.95,21.15,19.941138655508063,19.68782509742546,19.73823632508118,0,0
1773156600,21.15,21.27,21.02,21.225,20.0868180498928,19.80866306415429,19.889480171639264,0,0
1773158400,21.215,21.365,21.08,21.29,20.24871705207545,19.941138655508063,20.055296165125736,0,0
1773160200,21.29,21.425,21.18,21.385,20.41968799117077,20.0868180498928,20.23133288186032,0,0
1773162000,21.385,21.48,21.17,21.225,20.585606193699928,20.24871705207545,20.399633592197368,0,0
1773163800,21.225,21.34,21.032,21.105,20.735901501465023,20.41968799117077,20.552212657212646,0,0
1773165600,21.105,21.15,20.77,20.81,20.865190072637684,20.585606193699928,20.681050431546193,0,0
1773167400,20.81,21.04,20.715,20.755,20.970280789203162,20.735901501465023,20.78768683676106,0,0
1773169200,20.755,20.925,20.66,20.785,21.050519299357227,20.865190072637684,20.87150348637528,0,0
1773171000,20.785,20.91,20.66,20.77,21.107274602689532,20.970280789203162,20.932117062063437,0,0
1773235800,20.87,21.49,20.79,21.065,21.144187527946162,21.050519299357227,20.955826954507643,0,0
1773237600,21.07,21.25,20.82,21.1448,21.168048299191405,21.107274602689532,20.977784909569923,0,0
1773239400,21.14,21.29,20.91,20.94,21.183974575054965,21.144187527946162,20.993729998977877,0,0
1773241200,20.94,21.028,20.59,20.6,21.19358005636575,21.168048299191405,21.001281521437026,0,0
1773243000,20.605,20.7699,20.39,20.6904,21.195001087414497,21.183974575054965,21.00287030498068,0,0
1773244800,20.695,20.7983,20.59,20.7559,21.187623876614566,21.19358005636575,21.00287030498068,0,0
1773246600,20.755,20.965,20.74,20.825,21.173476413909235,21.195001087414497,21.35408382325268,0,1
1773248400,20.82,21.18,20.78,21.125,21.1556433239984,21.187623876614566,21.33763591838874,0,0
1773250200,21.13,21.145,20.685,20.83,21.136700457802856,21.173476413909235,21.322122152593888,0,0
1773252000,20.83,20.99,20.785,20.955,21.117971835591444,21.1556433239984,21.297470552183114,0,0
1773253800,20.95,21.12,20.87,21.065,21.099627967137067,21.136700457802856,21.275233918257904,0,0
1773255600,21.065,21.085,20.92,20.935,21.08228422942494,21.117971835591444,21.25123975546572,0,0
1773257400,20.935,21.15,20.92,21.035,21.066510575265195,21.099627967137067,21.2316121351602,0,0
1773322200,20.87,21.3,20.5701,20.75,21.052220278693873,21.08228422942494,21.23159672716781,0,0
1773324000,20.76,21.095,20.4906,20.51,21.037820393217352,21.066510575265195,21.22596995251458,0,0
1773325800,20.5,20.59,20.165,20.275,21.01922996897211,21.052220278693873,21.209118845462392,0,0
1773327600,20.27,20.66,20.155,20.55,20.994906958264576,21.037820393217352,21.189268057862694,0,0
1773329400,20.55,20.805,20.45,20.685,20.96629476461458,21.01922996897211,21.15945149995569,0,0
1773331200,20.685,20.77,20.44,20.505,20.935449014307565,20.994906958264576,21.126594554267168,0,0
1773333000,20.505,20.72,20.495,20.665,20.9043949710408,20.96629476461458,21.08992297243186,0,0
1773334800,20.66,20.945,20.655,20.725,20.874218803917675,20.935449014307565,21.056851948066516,0,0
1773336600,20.725,20.855,20.68,20.72,20.84653003684725,20.9043949710408,21.02236795641403,0,0
1773338400,20.72,20.775,20.5,20.535,20.821716153105513,20.874218803917675,20.994815649846096,0,0
1773340200,20.53,20.62,20.36,20.4,20.79836873851618,20.84653003684725,20.968389699775294,0,0
1773342000,20.405,20.495,20.32,20.495,20.77473265057877,20.821716153105513,20.93885925746223,0,0
1773343800,20.49,20.75,20.475,20.56,20.750488205230397,20.79836873851618,20.912712911622183,0,0
1773408600,21.76,22.375,21.67,22.225,20.73147842107172,20.77473265057877,20.912712911622183,0,0
1773410400,22.225,22.75,22.15,22.635,20.736172973013915,20.750488205230397,20.912712911622183,0,0
1773412200,22.635,22.76,21.76,21.79,20.77109602712179,20.73147842107172,20.529705655422536,1,0
1773414000,21.8,22.345,21.63,22.015,20.83095748920905,20.736172973013915,20.581273572631172,0,0
1773415800,22.01,22.24,21.53,21.57,20.90324393615061,20.77109602712179,20.64603744218544,0,0
1773417600,21.57,21.61,21.08,21.125,20.97753706250522,20.83095748920905,20.71977388953756,0,0
1773419400,21.135,21.655,21.125,21.4366,21.047809586827675,20.90324393615061,20.789529497643418,0,0
1773421200,21.435,21.495,21.19,21.275,21.111033367143293,20.97753706250522,20.860308998615054,0,0
1773423000,21.28,21.29,20.81,20.91,21.166042433553113,21.047809586827675,20.91608409134832,0,0
1773424800,20.92,20.99,20.71,20.805,21.210586122565722,21.111033367143293,20.96848194766127,0,0
1773426600,20.805,20.93,20.77,20.82,21.242892522722062,21.166042433553113,21.012367217453644,0,0
1773428400,20.82,21.035,20.67,20.695,21.263707166552944,21.210586122565722,21.03661224023227,0,0
1773430200,20.7,20.88,20.49,20.54,21.274083716721247,21.242892522722062,21.049281285137763,0,0
1773667800,22.27,23.09,22.17,22.97,21.277030255120682,21.263707166552944,21.049281285137763,0,0
1773669600,22.965,23.24,22.8,22.805,21.293477034917366,21.274083716721247,21.049281285137763,0,0
1773671400,22.805,22.935,22.41,22.935,21.3367175290547,21.277030255120682,21.049281285137763,0,0
1773673200,22.935,23.04,22.78,22.86,21.40749085352814,21.293477034917366,21.127194954724107,0,0
1773675000,22.865,22.96,22.46,22.525,21.49791545189127,21.3367175290547,21.219783545858952,0,0
1773676800,22.53,22.73,22.51,22.63,21.599146043359248,21.40749085352814,21.33302355918638,0,0
1773678600,22.63,22.94,22.57,22.8813,21.704862075760293,21.49791545189127,21.44453405474263,0,0
1773680400,22.89,23.1198,22.865,23.015,21.81007938661334,21.599146043359248,21.559246224239793,0,0
1773682200,23.02,23.22,22.91,23.155,21.915376690834258,21.704862075760293,21.671388754344537,0,0
1773684000,23.1586,23.485,23.12,23.38,22.02400131069852,21.81007938661334,21.784405369672353,0,0
1773685800,23.385,23.47,23.12,23.165,22.13598244933853,21.915376690834258,21.901000504099947,0,0
1773687600,23.18,23.53,23.17,23.365,22.251960068164216,22.02400131069852,22.020726833299815,0,0
1773689400,23.365,23.47,23.22,23.385,22.373565778152333,22.13598244933853,22.149920631492535,0,0
1773754200,23.3,23.67,23.27,23.425,22.49618064436745,22.251960068164216,22.27422443675478,0,0
1773756000,23.43,23.56,23.25,23.43,22.617963462530142,22.373565778152333,22.40078984117552,0,0
1773757800,23.435,23.72,23.4,23.64,22.740138153556117,22.49618064436745,22.527048362298252,0,0
1773759600,23.635,23.85,23.31,23.345,22.86090001132781,22.617963462530142,22.643745205159792,0,0
1773761400,23.345,23.4299,22.97,23.13,22.972543756376393,22.740138153556117,22.754475007791804,0,0
1773763200,23.13,23.41,23.0911,23.37,23.069647878714026,22.86090001132781,22.855766183599766,0,0
1773765000,23.37,23.405,23.24,23.305,23.14959313205492,22.972543756376393,22.94509584373454,0,0
1773766800,23.305,23.43,23.16,23.375,23.217044156393456,23.069647878714026,23.017510960095958,0,0
1773768600,23.3701,23.7599,23.3701,23.72,23.274332706031263,23.14959313205492,23.07513045232644,0,0
1773770400,23.72,23.726,23.3,23.345,23.324470614805076,23.217044156393456,23.124282807793456,0,0
1773772200,23.34,23.5901,23.33,23.47,23.368676024511036,23.274332706031263,23.17349806085739,0,0
1773774000,23.47,23.505,23.3,23.37,23.40626449095232,23.324470614805076,23.217706381845364,0,0
1773775800,23.365,23.375,23.07,23.25,23.436392283095827,23.368676024511036,23.250409753210796,0,0
1773840600,22.43,22.54,22.02,22.44,23.456207055799986,23.40626449095232,23.250409753210796,0,0
1773842400,22.43,22.47,22.03,22.11,23.456344791791775,23.436392283095827,23.250409753210796,0,0
1773844200,22.1001,22.175,21.85,21.92,23.428023002073342,23.456207055799986,23.641007192363944,0,1
1773846000,21.93,22.0801,21.73,21.955,23.364741988269515,23.456344791791775,23.57501659353936,0,0
1773847800,21.955,22.08,21.925,22.055,23.277184633745794,23.428023002073342,23.477975338639222,0,0
1773849600,22.05,22.06,21.815,21.875,23.169882091787112,23.364741988269515,23.365080603473867,0,0
1773851400,21.875,21.945,21.66,21.815,23.048480169345055,23.277184633745794,23.239914501625613,0,0
1773853200,21.81,22.01,21.725,21.98,22.918666379023545,23.169882091787112,23.106605401855493,0,0
1773855000,21.975,22.11,21.8829,21.955,22.787714941717795,23.048480169345055,22.970340462918887,0,0
1773856800,21.96,22.12,21.765,21.86,22.658714731188763,22.918666379023545,22.840974143732634,0,0
1773858600,21.855,21.99,21.5301,21.575,22.53490937717793,22.787714941717795,22.720575260254382,0,0
1773860400,21.575,21.735,21.5601,21.6367,22.416181020928697,22.658714731188763,22.594831483785402,0,0
1773862200,21.635,21.8,21.41,21.43,22.298734767528423,22.53490937717793,22.478553054466794,0,0
1773927000,20.7,21.09,20.45,21.0407,22.174657596524536,22.416181020928697,22.376631720110165,0,0
1773928800,21.045,21.13,20.475,20.535,22.03502425383109,22.298734767528423,22.245964511446317,0,0
1773930600,20.535,20.6799,20.45,20.605,21.848049057711936,22.174657596524536,22.052132868354647,0,0
1773932400,20.605,20.96,20.6,20.6786,21.65072697744853,22.03502425383109,21.853090515902476,0,0
1773934200,20.67,20.82,20.46,20.71,21.454849596932068,21.848049057711936,21.65561573978216,0,0
1773936000,20.705,20.79,20.62,20.7,21.275260208515306,21.65072697744853,21.46775734116182,0,0
1773937800,20.71,20.765,20.59,20.71,21.118452228714478,21.454849596932068,21.303449566171956,0,0
1773939600,20.7053,20.77,20.53,20.745,20.985987656738423,21.275260208515306,21.166342327234652,0,0
1773941400,20.75,20.79,20.6,20.725,20.87659307614758,21.118452228714478,21.050850984465505,0,0
1773943200,20.725,20.9393,20.71,20.875,20.78760849121588,20.985987656738423,20.957608691796814,0,0
1773945000,20.87,20.905,20.64,20.8,20.71859288352182,20.87659307614758,20.88591449834697,0,0
1773946800,20.795,21.38,20.775,21.07,20.66752752550206,20.78760849121588,20.84450473926827,0,0
1773948600,21.065,21.245,21.01,21.12,20.6338075585562,20.71859288352182,20.806536399910538,0,0
1774013400,21.15,21.23,20.54,20.5815,20.617342863774745,20.66752752550206,20.80237678788949,0,0
1774015200,20.58,20.935,20.535,20.7,20.613290859940378,20.6338075585562,20.7993937894755,0,0
1774017000,20.7,20.92,20.67,20.74,20.615301050535287,20.617342863774745,20.79703948510361,0,0
1774018800,20.74,20.87,20.55,20.625,20.620494701194907,20.613290859940378,20.79703948510361,0,0
1774020600,20.625,20.7797,20.5801,20.695,20.626886383779528,20.615301050535287,20.79703948510361,0,0
1774022400,20.699,20.85,20.69,20.78,20.633760587644492,20.620494701194907,20.79703948510361,0,0
1774024200,20.785,20.785,20.575,20.655,20.641210694299108,20.626886383779528,20.79703948510361,0,0
1774026000,20.66,20.675,20.485,20.501,20.648137120229343,20.633760587644492,20.79703948510361,0,0
1774027800,20.5,20.63,20.39,20.585,20.653275088945126,20.641210694299108,20.79703948510361,0,0
1774029600,20.59,20.6,20.37,20.425,20.655784886587245,20.648137120229343,20.79703948510361,0,0
1774031400,20.42,20.43,20.2237,20.265,20.65397476964189,20.653275088945126,20.79703948510361,0,0
1774033200,20.27,20.49,20.265,20.465,20.647845600932126,20.655784886587245,20.794393764435426,0,0
1774035000,20.47,21.13,20.47,20.915,20.63954615109211,20.65397476964189,20.794393764435426,0,0
1774272600,21.2,21.675,20.96,21.605,20.634813292159432,20.647845600932126,20.794393764435426,0,0
1774274400,21.61,21.79,21.41,21.47,20.64248688840182,20.63954615109211,20.794393764435426,0,0
1774276200,21.46,21.49,21.15,21.315,20.663799902232658,20.634813292159432,20.487682019115784,1,0
1774278000,21.32,21.445,21.07,21.11,20.69421993728166,20.64248688840182,20.51728904581599,0,0
1774279800,21.115,21.175,20.56,20.5701,20.727414156623396,20.663799902232658,20.54115690026242,0,0
1774281600,20.5751,20.84,20.53,20.68,20.758621968064205,20.69421993728166,20.574597372871867,0,0
1774283400,20.685,20.905,20.66,20.825,20.784539055316205,20.727414156623396,20.604909074066178,0,0
1774285200,20.83,20.8999,20.64,20.825,20.80549445023705,20.758621968064205,20.62941303907631,0,0
1774287000,20.82,21.21,20.8,21.17,20.822835083522282,20.784539055316205,20.644688058873026,0,0
1774288800,21.1665,21.25,21.02,21.055,20.839266625567348,20.80549445023705,20.66563010267875,0,0
1774290600,21.065,21.4799,21.065,21.465,20.857757328606525,20.822835083522282,20.681348414495684,0,0
1774292400,21.47,21.56,21.375,21.52,20.881008763587992,20.839266625567348,20.710593343342214,0,0
1774294200,21.515,21.58,21.24,21.25,20.909433808605606,20.857757328606525,20.739048061234524,0,0
1774359000,21.13,21.4999,20.89,20.9962,20.940730694671547,20.881008763587992,20.76073321496983,0,0
1774360800,20.995,21.36,20.705,20.85,20.971306786557975,20.909433808605606,20.780773412549237,0,0
1774362600,20.845,20.909,20.535,20.84,20.997557388775625,20.940730694671547,20.807276398624655,0,0
1774364400,20.84,21.11,20.83,20.985,21.01735961518111,20.971306786557975,20.830670124326637,0,0
1774366200,20.99,21.05,20.75,20.86,21.031061039905424,20.997557388775625,20.846992226969128,0,0
1774368000,20.85,20.87,20.71,20.85,21.03981353877047,21.01735961518111,20.86317821247248,0,0
1774369800,20.85,20.875,20.64,20.76,21.044117544144502,21.031061039905424,20.87170616972494,0,0
1774371600,20.77,20.865,20.39,20.45,21.041544522119597,21.03981353877047,20.87170616972494,0,0
1774373400,20.45,20.54,20.37,20.5,21.029629203775954,21.044117544144502,20.87170616972494,0,0
1774375200,20.5,20.88,20.465,20.85,21.011004987146194,21.041544522119597,20.87170616972494,0,0
1774377000,20.845,21.09,20.8,20.825,20.98967866196783,21.029629203775954,20.87170616972494,0,0
1774378800,20.83,20.99,20.81,20.865,20.96896161763744,21.011004987146194,20.87170616972494,0,0
1774380600,20.862,20.915,20.71,20.755,20.95018612300744,20.98967866196783,20.87170616972494,0,0
1774445400,21.4,21.88,21.31,21.44,20.935378677856793,20.96896161763744,20.87170616972494,0,0
1774447200,21.44,21.615,21.33,21.415,20.9288754273295,20.95018612300744,20.87170616972494,0,0
1774449000,21.42,21.5699,21.26,21.3451,20.931840104876365,20.935378677856793,20.87170616972494,0,0
1774450800,21.35,21.445,20.91,21.195,20.94151188533792,20.9288754273295,20.87170616972494,0,0
1774452600,21.195,21.23,20.955,20.975,20.95492631408776,20.931840104876365,20.87170616972494,0,0
1774454400,20.975,21.155,20.79,21.105,20.96889695820851,20.94151188533792,20.87170616972494,0,0
1774456200,21.105,21.3,21.08,21.175,20.981950688084403,20.95492631408776,20.87170616972494,0,0
1774458000,21.17,21.275,20.99,21.0642,20.99446658238985,20.96889695820851,20.87170616972494,0,0
1774459800,21.045,21.13,20.88,20.915,21.006454427115465,20.981950688084403,20.87170616972494,0,0
1774461600,20.915,21.05,20.895,20.905,21.016899314869356,20.99446658238985,20.87170616972494,0,0
1774463400,20.91,20.995,20.77,20.8099,21.02474649914079,21.006454427115465,20.87170616972494,0,0
1774465200,20.805,21.23,20.75,21.22,21.029774779022727,21.016899314869356,20.87170616972494,0,0
1774467000,21.215,21.335,21.09,21.23,21.03345224247467,21.02474649914079,20.87170616972494,0,0
1774531800,20.28,20.72,20.18,20.64,21.036250029581055,21.029774779022727,20.87170616972494,0,0
1774533600,20.635,20.66,20.235,20.39,21.034920168052317,21.03345224247467,20.87170616972494,0,0
1774535400,20.4,20.645,20.1,20.255,21.026016745820097,21.036250029581055,20.87170616972494,0,0
1774537200,20.255,20.335,19.98,20.165,21.006052736165536,21.034920168052317,20.87170616972494,0,0
1774539000,20.16,20.21,20.01,20.175,20.97397935302139,21.026016745820097,21.16389090219035,0,1
1774540800,20.165,20.21,19.8912,19.905,20.93024043022626,21.006052736165536,21.117972583026006,0,0
1774542600,19.9,19.9699,19.82,19.9314,20.876153231482288,20.97397935302139,21.05582951622491,0,0
1774544400,19.94,20.02,19.91,19.94,20.801282028271338,20.93024043022626,20.972052864103773,0,0
1774546200,19.94,20.095,19.71,19.7401,20.712252914322672,20.876153231482288,20.88457583330993,0,0
1774548000,19.755,19.85,19.59,19.655,20.61238003914095,20.801282028271338,20.781679892486263,0,0
1774549800,19.66,19.74,19.605,19.685,20.506072576830523,20.712252914322672,20.66810101207974,0,0
1774551600,19.69,19.7,19.49,19.535,20.39572248444913,20.61238003914095,20.55367746003769,0,0
1774553400,19.54,19.77,19.45,19.475,20.284958871626607,20.506072576830523,20.443059920387412,0,0
1774618200,19.09,19.1399,18.6,18.675,20.16079324194539,20.39572248444913,20.338851358651855,0,0
1774620000,18.68,18.8877,18.4201,18.465,20.0141044314786,20.284958871626607,20.19614411127746,0,0
1774621800,18.465,18.685,18.415,18.625,19.840091486835995,20.16079324194539,20.018771189506364,0,0
1774623600,18.625,18.69,18.425,18.615,19.647861384966475,20.0141044314786,19.823242537446102,0,0
1774625400,18.62,18.95,18.615,18.91,19.463704521480878,19.840091486835995,19.638522734497677,0,0
1774627200,18.905,18.905,18.555,18.585,19.2932461764758,19.647861384966475,19.468255945705685,0,0
1774629000,18.585,18.65,18.47,18.49,19.13838442867955,19.463704521480878,19.30732207153587,0,0
1774630800,18.49,18.63,18.345,18.385,19.00035575945494,19.2932461764758,19.167404999250095,0,0
1774632600,18.385,18.49,18.28,18.315,18.875139542101255,19.13838442867955,19.037756693339613,0,0
1774634400,18.32,18.5,18.29,18.455,18.762199225262975,19.00035575945494,18.920700865698592,0,0
1774636200,18.46,18.595,18.36,18.3697,18.663908506464523,18.875139542101255,18.819481458297595,0,0
1774638000,18.37,18.45,18.31,18.43,18.58164084449245,18.762199225262975,18.731101442623164,0,0
1774639800,18.43,18.54,18.31,18.41,18.514814955983766,18.663908506464523,18.661814082819426,0,0
1774877400,19.15,19.19,18.49,18.5601,18.461970057463226,18.58164084449245,18.626326389524912,0,0
1774879200,18.57,18.88,18.54,18.56,18.42569426558559,18.514814955983766,18.590453716785728,0,0
1774881000,18.56,18.7,18.35,18.665,18.405293018490784,18.461970057463226,18.570783937462338,0,0
1774882800,18.67,18.82,18.47,18.63,18.39561443018873,18.42569426558559,18.561784569233744,0,0
1774884600,18.625,18.915,18.58,18.8,18.394026933459287,18.405293018490784,18.560292062572515,0,0
1774886400,18.805,18.8598,18.59,18.625,18.40002211697231,18.39561443018873,18.560292062572515,0,0
1774888200,18.62,18.695,18.49,18.575,18.412270970163704,18.394026933459287,18.25264083332628,1,0
1774890000,18.58,18.65,18.23,18.305,18.426053679432293,18.40002211697231,18.262825695226113,0,0
1774891800,18.305,18.43,18.195,18.245,18.438147876905738,18.412270970163704,18.27818617728571,0,0
1774893600,18.245,18.29,18.08,18.12,18.44581961147575,18.426053679432293,18.289783747542867,0,0
1774895400,18.1199,18.29,17.99,18.025,18.447445387616757,18.438147876905738,18.29184065682194,0,0
1774897200,18.03,18.05,17.84,17.895,18.438839400220154,18.44581961147575,18.590829507386772,0,1
1774899000,17.895,18.34,17.89,18.31,18.42383216219941,18.447445387616757,18.58103726171127,0,0
1774963800,18.51,18.87,18.48,18.7231,18.407284131954846,18.438839400220154,18.573260295787286,0,0
1774965600,18.73,19.085,18.66,19.075,18.395189036462263,18.42383216219941,18.564488331449528,0,0
1774967400,19.075,19.1,18.36,18.45,18.390873335901965,18.407284131954846,18.564488331449528,0,0
1774969200,18.45,18.935,18.45,18.805,18.393963481445535,18.395189036462263,18.564488331449528,0,0
1774971000,18.805,18.93,18.715,18.74,18.402548997623466,18.390873335901965,18.564488331449528,0,0
1774972800,18.735,18.86,18.61,18.69,18.41553046668678,18.393963481445535,18.564488331449528,0,0
1774974600,18.685,19.44,18.625,19.26,18.433613374690022,18.402548997623466,18.564488331449528,0,0
1774976400,19.26,19.62,19.24,19.4146,18.459235108092543,18.41553046668678,18.564488331449528,0,0
1774978200,19.415,19.6,19.3,19.495,18.496182567710353,18.433613374690022,18.564488331449528,0,0
1774980000,19.495,19.78,19.495,19.62,18.54792787284117,18.459235108092543,18.564488331449528,0,0
1774981800,19.62,19.8,19.5903,19.74,18.613276282324918,18.496182567710353,18.431691021534366,1,0
1774983600,19.75,19.93,19.65,19.7585,18.6893564384239,18.54792787284117,18.510741553404102,0,0
1774985400,19.755,19.985,19.7,19.76,18.775588990378342,18.613276282324918,18.599553740002815,0,0
1775050200,19.98,20.1,19.55,19.705,18.86952357621832,18.6893564384239,18.68641941515533,0,0
1775052000,19.71,19.8593,19.585,19.685,18.96764440504826,18.775588990378342,18.7878226840612,0,0
1775053800,19.69,19.81,19.5,19.61,19.065591563013143,18.86952357621832,18.887542822096588,0,0
1775055600,19.62,19.73,19.57,19.665,19.159848092725294,18.96764440504826,18.988802833302778,0,0
1775057400,19.67,19.96,19.63,19.93,19.24917239986469,19.065591563013143,19.07855894468664,0,0
1775059200,19.92,19.97,19.74,19.875,19.336084926928564,19.159848092725294,19.169443861406087,0,0
1775061000,19.88,20.14,19.82,20.13,19.42198046901554,19.24917239986469,19.2558137653161,0,0
1775062800,20.125,20.38,20.125,20.185,19.507501727058283,19.336084926928564,19.344096930765943,0,0
1775064600,20.18,20.235,19.9,19.9135,19.59033985108576,19.42198046901554,19.426642540242874,0,0
1775066400,19.91,19.9399,19.66,19.765,19.668273170704573,19.507501727058283,19.506272096350465,0,0
1775068200,19.767,19.89,19.66,19.75,19.735618080583585,19.59033985108576,19.5769742258262,0,0
1775070000,19.75,19.87,19.73,19.865,19.78980096180117,19.668273170704573,19.637488810955023,0,0
1775071800,19.87,19.9,19.63,19.68,19.831723287850654,19.735618080583585,19.680647719207805,0,0
1775136600,18.855,18.91,18.3,18.615,19.861604293549163,19.78980096180117,19.680647719207805,0,0
1775138400,18.62,18.66,18.35,18.43,19.867182804213307,19.831723287850654,19.680647719207805,0,0
1775140200,18.425,19.17,18.4214,18.885,19.848869441989088,19.861604293549163,20.04934168116851,0,1
1775142000,18.885,18.93,18.645,18.8801,19.808875269926116,19.867182804213307,20.005206634878437,0,0
1775143800,18.89,19.15,18.845,19.1,19.756740185521714,19.848869441989088,19.949940738691726,0,0
1775145600,19.1,19.155,18.93,19.085,19.698111563298117,19.808875269926116,19.8855477912417,0,0
1775147400,19.08,19.42,19.07,19.375,19.638982806682087,19.756740185521714,19.8255307326297,0,0
1775149200,19.375,19.54,19.25,19.42,19.583101876284836,19.698111563298117,19.76668209323619,0,0
1775151000,19.4192,19.455,19.18,19.1999,19.532639077041402,19.638982806682087,19.712927849924803,0,0
1775152800,19.2,19.2799,19.0908,19.12,19.48735119428678,19.583101876284836,19.661515769107083,0,0
1775154600,19.125,19.245,19.07,19.245,19.44575268238189,19.532639077041402,19.613726930429312,0,0
1775156400,19.25,19.36,19.24,19.315,19.407385203511026,19.48735119428678,19.567647005269347,0,0
1775158200,19.315,19.51,19.31,19.47,19.37337286037071,19.44575268238189,19.529330247717724,0,0
1775482200,20,20.52,19.97,20.42,19.347160540823587,19.407385203511026,19.529330247717724,0,0
1775484000,20.425,20.795,20.215,20.7488,19.33556644363692,19.37337286037071,19.52557561946164,0,0
1775485800,20.75,20.96,20.515,20.725,19.3462058218531,19.347160540823587,19.52557561946164,0,0
1775487600,20.725,20.97,20.66,20.745,19.381856455690027,19.33556644363692,19.19219293163708,1,0
1775489400,20.745,20.76,20.58,20.68,19.43761012855616,19.3462058218531,19.25506542764985,0,0
1775491200,20.685,20.735,20.52,20.55,19.506975952517504,19.381856455690027,19.32979158739022,0,0
1775493000,20.555,20.64,20.4401,20.51,19.584525288122045,19.43761012855616,19.41285766336099,0,0
1775494800,20.51,20.525,20.06,20.1698,19.673386144561313,19.506975952517504,19.497373350140336,0,0
1775496600,20.165,20.24,20.11,20.2,19.76299655947519,19.584525288122045,19.59491325037,0,0
1775498400,20.2,20.56,20.15,20.52,19.84737940323923,19.673386144561313,19.67665918764155,0,0
1775500200,20.52,20.68,20.5,20.67,19.927849129090617,19.76299655947519,19.762894643178488,0,0
1775502000,20.68,20.68,20.52,20.555,20.006779682844446,19.84737940323923,19.847893374497467,0,0
1775503800,20.55,20.69,20.46,20.58,20.084824721487912,19.927849129090617,19.929073149451433,0,0