time,open,high,low,close
1772649000,1004.51,1005,1003.093,1003.58
1772649900,1004.22,1004.6384,1002,1002.3221
1772650800,1003.26,1003.26,1000.77,1002.19
1772651700,1002.2,1002.2,999.5,1001.13
1772652600,1000.71,1002.91,1000.51,1002.04
1772653500,1002.04,1006.9999,1001.7901,1005.8
1772654400,1006,1006.83,1004.59,1004.785
1772655300,1004.785,1006.855,1003.0101,1006.61
1772656200,1006.695,1008.3,1005.55,1007.54
1772657100,1007.6,1008.55,1003.28,1003.28
1772721000,990,993.56,981.96,988.9999
1772721900,987.74,989.8,982,985.685
1772722800,985.685,991.0324,980.27,988.26
1772723700,988.815,991.92,984.12,985.07
1772724600,985.35,985.35,977.79,979.205
1772725500,979.07,982.82,972.5,972.975
1772726400,972.975,974.22,968.89,969.6
1772727300,969.7648,971.83,967.43,970.672
1772728200,970.85,970.85,965.6,969.21
1772729100,969.22,975.18,968.76,974.809
1772730000,974.74,975.6799,968.8,969.33
1772730900,969.38,971.5,968.72,971.26
1772731800,971.06,973.58,970.225,972.88
1772732700,972.965,974.07,969.31,970.79
1772733600,971.045,972.99,970.34,972.36
1772734500,972.68,972.68,969.43,970.3597
1772735400,970.43,974.54,969,973.82
1772736300,973.63,975.04,971.33,971.75
1772737200,972.05,972.05,969.195,971.38
1772738100,971.615,973.055,970.71,972.395
1772739000,972,976.19,969.605,976.17
1772739900,976.17,976.215,972.595,973.165
1772740800,972.99,977.4999,972.63,977.09
1772741700,977.4739,979,976,976.37
1772742600,976.27,979.77,976.01,979.59
1772743500,979.505,984.62,977.85,982.5
1772807400,975,977.01,966.0901,968.95
1772808300,968.99,976.54,967.555,976.23
1772809200,976.23,982.49,975.26,979.485
1772810100,979.48,979.9,975.2093,976.165
1772811000,976.2001,980.6199,974.0001,978.42
1772811900,977.63,978.18,973.65,975.45
1772812800,975.45,977.445,974.04,974.76
1772813700,974.9225,976.75,973.3701,973.9701
1772814600,974.38,978.51,973.41,977.99
1772815500,977.6833,981.88,977.6833,980.24
1772816400,980.24,980.9999,977.03,977.3
1772817300,978.9299,978.9299,975.45,976.22
1772818200,975.98,979,975.82,978.7
1772819100,979.25,980.075,976.86,979.42
1772820000,979.42,985.99,978.66,985.831
1772820900,985.47,987.24,982.3454,985.95
1772821800,986,986.9,984.14,985
1772822700,984.365,987.045,983.12,985.36
1772823600,985.39,987.5,984.8301,986.735
1772824500,986.5,987.9899,984.8001,987.61
1772825400,987.39,989.57,987.27,987.94
1772826300,987.84,990.97,987.5452,990.3
1772827200,990.44,991.22,988.5901,988.5901
1772828100,989.115,990.135,986.51,986.51
1772829000,986.45,987.68,985.06,987.68
1772829900,987.72,991.15,985.03,989.79
1773063000,986.89,992.72,980.58,986.86
1773063900,986.86,992.49,981.865,991.015
1773064800,991.015,991.64,985.34,988.98
1773065700,989.3,991.28,986.72,988.62
1773066600,988.75,991.6,987.42,988.85
1773067500,989.16,1000.35,989.16,998.88
1773068400,999.47,1004,998.04,1001.4
1773069300,1001.4,1006.44,1000.76,1000.8275
1773070200,1001.1,1001.12,994,994.55
1773071100,994,999.41,993.85,996.44
1773072000,996.45,999.06,995.26,998.505
1773072900,998.505,1002.29,996.51,1001.73
1773073800,1001.39,1002.2755,998.86,1001.198
1773074700,1001.35,1001.9899,999.1801,999.5
1773075600,999.07,999.16,995.28,995.61
1773076500,995.79,997.17,993.3401,994.52
1773077400,994.195,997.87,993.38,995.39
1773078300,995.62,995.75,994,994.8423
1773079200,994.7206,998.38,993.28,997.88
1773080100,997.69,999.93,997.69,998.74
1773081000,998.445,1000.9499,997.75,999.12
1773081900,999.45,1000.9,998.7501,999.08
1773082800,999.08,999.63,996.61,997.6251
1773083700,997.43,1002.88,996.7,1002.68
1773084600,1002.65,1008.62,1001.615,1005.48
1773085500,1005.72,1008.93,1003.0581,1008.41
1773149400,1006,1012,994,1002.345
1773150300,1001.98,1002.26,995.51,998.855
1773151200,998.86,1003.4,996.89,1002.88
1773152100,1003.44,1005.5,1001.32,1003.3
1773153000,1003.2,1004.53,1001.1,1001.83
1773153900,1001.7,1004.21,999.0419,1002.505
1773154800,1002.49,1004.99,1001.91,1002.71
1773155700,1002.77,1006.15,1001.94,1004.485
1773156600,1004.805,1007.249,1003.4897,1006.92
1773157500,1006.92,1009.12,1005.77,1007.55
1773158400,1007.025,1008,1003.68,1004.1272
1773159300,1004.29,1006.065,1004,1004.095
1773160200,1003.99,1006.35,1003.8959,1005.89
1773161100,1005.89,1008.84,1005.34,1007.3075
1773162000,1007.3,1008,1005.83,1006.165
1773162900,1006.3794,1007.9999,1006.3794,1007.4
1773163800,1007.315,1007.38,1004.925,1005.99
1773164700,1005.495,1006.97,1005.3418,1006.5
1773165600,1006.5,1006.62,1002,1002.04
1773166500,1002.035,1005.24,1001.5,1004.92
1773167400,1004.92,1005.21,1001.97,1002.405
1773168300,1002.52,1005.215,1002.0701,1004.545
1773169200,1004.54,1004.88,999.635,1001.74
1773170100,1001.85,1002.99,1000.92,1001.731
1773171000,1001.78,1001.78,999.1,1001.12
1773171900,1001.35,1002.2399,998.75,1001.18
1773235800,1000.03,1002.93,990.67,994.12
1773236700,994.52,997.28,993.9301,995.315
1773237600,995.54,997.52,990.3,993.0001
1773238500,993,996,991.565,995.375
1773239400,995.95,997.9,994.65,997.52
1773240300,997.05,998.9,996.64,998.39
1773241200,998.4,1001.94,997.08,1001.475
1773242100,1001.475,1001.475,995.78,995.78
1773243000,995.68,997.23,994.1401,996.1237
1773243900,995.28,996.25,993,993
1773244800,993.3,994.366,991.51,994.07
1773245700,994.075,997.5864,993.61,995.76
1773246600,996.09,998.415,995.99,996.8
1773247500,997.135,998.66,996.7001,997.72
1773248400,997.4,999.38,994.9701,998.875
1773249300,998.79,1001.48,998.79,1000.6
1773250200,1000.57,1001.355,997.355,998.0693
1773251100,997.84,1000.228079,997.401,997.845
1773252000,997.45,998.52,996.2755,997.518
1773252900,997.83,999.535,997.5,998.335
1773253800,998.33,998.98,996.04,996.355
1773254700,996.7,997.8134,996.5301,997.09
1773255600,996.62,996.73,994.5,995.265
1773256500,995.265,997.24,994.84,995.24
1773257400,995.37,997.405,994.5101,997.07
1773258300,997.07,999.99,994,999.27
1773322200,993.45,994.5,984.37,986
1773323100,986.04,990.8799,984.48,990.35
1773324000,990.88,993.0671,988.4301,992.245
1773324900,992.455,992.61,981.96,982.16
1773325800,982.29,986.22,981.61,984.57
1773326700,984.6,987.7,984,985.965
1773327600,986.2303,986.2303,979.67,980.38
1773328500,980.38,982.4099,977.8989,980.21
1773329400,980.715,981.91,978.13,980.13
1773330300,980.01,981.24,975.01,976.98
1773331200,976.94,979.5499,973.16,974.96
1773332100,974.96,979,974.82,976.09
1773333000,976.16,979.71,975.59,978.64
1773333900,978.52,978.52,975.7911,976.93
1773334800,976.29,977.9,975.89,976.9201
1773335700,977.12,978.37,975.52,977.875
1773336600,977.805,980.235,977.19,978.57
1773337500,978.57,979.325,976.99,977.915
1773338400,977.66,979.135,976.24,979.075
1773339300,979.135,980.131098,976,976.72
1773340200,976.72,977.4699,974.39,977.1
1773341100,977.16,977.66,974.065,974.72
1773342000,974.61,976.99,973.45,976.49
1773342900,976.445,978,975.7401,976.995
1773343800,977.155,981.99,976.64,981.4616
1773344700,981.4,981.68,975.915,976.92
1773408600,980.13,1001.5,978,995.79
1773409500,995.99,1001.3,993,1000.08
1773410400,1000.36,1003.22,994.52,996.25
1773411300,995.81,996.58,993.47,995.14
1773412200,995.34,997.3,992.37,993.595
1773413100,992.88,997.86,992.26,992.36
1773414000,992.72,993.15,989.1101,991.37
1773414900,991.845,993.43,987.55,988.995
1773415800,989.19,990.95,988.11,988.73
1773416700,989,990.535,985,986.815
1773417600,986.815,989.546,985.74,987.68
1773418500,987.72,988.2425,986.2,987.335
1773419400,986.8221,992.29,986.62,990.3849
1773420300,989.96,994.125,989.05,990.76
1773421200,990.75,993.73,990.75,993.06
1773422100,993.4275,993.76,989.51,990.74
1773423000,990.925,991.3099,988.48,990.4
1773423900,990.645,991.7204,989.7501,990.615
1773424800,990.8,992.78,990.695,991.315
1773425700,991.31,992.01,988.11,988.515
1773426600,988.515,990.48,988.51,990.325
1773427500,990.325,992,989.8,990.42
1773428400,990.53,991.2299,988.4301,988.88
1773429300,988.84,989.44,986.07,986.75
1773430200,986.62,987.71,983.32,983.59
1773431100,983.67,986.99,983.32,985.46
1773667800,991.98,998.17,988.15,996.48
1773668700,996.33,997.248,990.89,994.04
1773669600,994.035,994.0625,986.52,987.475
1773670500,987.5,987.5,981.4501,981.64
1773671400,981.86,983.9425,978.5439,983.48
1773672300,983.48,986.2,981.2,982.44
1773673200,982.18,982.295,975.51,977.365
1773674100,977.8999,981.13,976.61,981.13
1773675000,981.15,983.26,981.15,982.66
1773675900,982.65,984.2,980.24,981.255
1773676800,981.36,982.92,981.2801,982.67
1773677700,982.71,983.28,980.435,981.46
1773678600,981.48,984.35,981.48,984.04
1773679500,984.04,985.96,982.82,985.35
1773680400,984.75,990.5,984.75,989.47
1773681300,989.27,990.04,987.23,989.11
1773682200,989.11,989.64,985.92,986.145
1773683100,985.98,986.74,984.7701,985.815
1773684000,985.37,987.4423,984.88,986.08
1773684900,986.16,987.45,984.95,986.06
1773685800,986.04,986.9999,984.01,984.44
1773686700,984.44,984.9599,983.795,984.04
1773687600,984.205,985.51,983.7,984.13
1773688500,984.135,987.04,984.135,987.04
1773689400,987.05,987.5,984.39,984.55
1773690300,984.95,988.89,983.9301,988.89
1773754200,978.92,981.165,967.16,973.6773
1773755100,974.01,976.5,958.42,961.2
1773756000,960.47,968.919,958,967.9899
1773756900,967.99,969.5,958.53,960.1274
1773757800,960.02,963.125,957.37,960.28
1773758700,960.28,961.16,952.0001,953
1773759600,952.975,954.92,947.1701,947.41
1773760500,947.88,951.7994,944.1201,946.6199
1773761400,945.965,949,939.11,940.64
1773762300,940.5,941.7,938,940.78
1773763200,940.5,941.05,935.01,935.85
1773764100,935.85,938.43,933,935.75
1773765000,935.445,938.89,933.5,937.58
1773765900,937.59,941.32,934.58,935.49
1773766800,935.59,936.19,931.1,931.16
1773767700,931.15,936.52,928,934.99
1773768600,935,936,929,929.47
1773769500,929.33,933.205,929.03,930.52
1773770400,930.735,936.03,928.11,934.685
1773771300,934.54,936.4814,932.65,934.015
1773772200,934.015,934.39,926.38,926.39
1773773100,926.39,928.55,925.25,926.8
1773774000,926.88,929.56,925.33,926.97
1773774900,927,929.795,925.52,926.12
1773775800,926.31,931.27,925.5201,928.72
1773776700,929.15,932.22,927.35,930.5
1773840600,925,929,912.5,912.8416
1773841500,913.15,916.25,905.11,911.86
1773842400,912,912.93,905.5,910.755
1773843300,910.655,912.17,908,908.65
1773844200,908,912.87,906.54,910.96
1773845100,911.43,917.95,911.39,913.83
1773846000,914.31,918.43,914,916.49
1773846900,916.58,918.45,914.23,917.31
1773847800,917.31,919.61,916.769,918.2475
1773848700,917.83,919.375,914.5819,918.72
1773849600,918.58,919.77,916.32,916.32
1773850500,916.28,922,916.28,921.58
1773851400,921.5,925.3857,920.35,923.405
1773852300,923.22,924.05,919,919.3
1773853200,919.24,920,916.02,916.02
1773854100,916.3,916.48,913.07,913.77
1773855000,913.895,916.09,912.5,914.49
1773855900,914.49,917.3,913.1701,916.5
1773856800,916.96,917.37,914.85,915.835
1773857700,916.13,916.23,913.4701,914.46
1773858600,914.46,915.505,911.2801,913.71
1773859500,913.54,913.9794,912.25,912.42
1773860400,912.46,916.83,912.19,915.29
1773861300,915.46,915.99,912.52,912.895
1773862200,912.52,918.21,912.44,917.89
1773863100,917.84,919,915.89,917.72
1773927000,914,924.53,910.86,920.71
1773927900,920.51,923,916.0801,916.96
1773928800,917.16,918.4391,914.24,916.245
1773929700,915.52,917.76,911.8,912.95
1773930600,912.64,915,912.44,914.19
1773931500,914.44,917.3874,914,916.885
1773932400,916.5,918.79,915,918.6115
1773933300,918.85,919.49,916.23,918.8586
1773934200,918.79,919.19,917.0001,918.35
1773935100,918.39,919.34,917.66,919.185
1773936000,919.185,921,918.01,919.8
1773936900,919.8,921.455,919.245,920.98
1773937800,920.62,922.4999,919,922.044
1773938700,922.165,922.37,917.6,919.22
1773939600,918.84,919.38,917.0401,917.92
1773940500,918.06,921.75,917.7755,920.53
1773941400,920.78,921.505,919.29,920.48
1773942300,920.76,920.99,919.74,919.985
1773943200,919.995,920.7199,918.555,920.035
1773944100,920.33,920.33,915.93,916.1
1773945000,915.93,915.93,913.65,913.65
1773945900,913.65,916.99,913.65,916.16
1773946800,916.42,922.545,916.28,920.97
1773947700,920.708,921.74,918.6,919.17
1773948600,919.13,920.02,917.78,919.4
1773949500,919.28,919.28,916.62,917.57
1774013400,910.55,921.5,910.55,916.295
1774014300,915.98,925.375,914.21,924.39
1774015200,924.38,924.38,914.29,916.45
1774016100,915.79,920.245,914,917
1774017000,917,919.58,915.3,916.26
1774017900,916.24,919.911,914.0001,918.83
1774018800,919.05,920.99,917.76,920.115
1774019700,919.84,921.43,918.55,919.04
1774020600,918.47,919.56,918.06,919.3785
1774021500,919.49,920.37,917.01,918.6
1774022400,918.6,918.6,916.62,917.205
1774023300,917.48,919.57,916.89,919.305
1774024200,919.05,919.78,917.64,919.02
1774025100,919.025,919.18,916.6895,918.12
1774026000,917.8,918.8295,916.82,917.165
1774026900,916.84,918.0679,915.79,917.645
1774027800,917.645,918.165,915.25,915.91
1774028700,915.9,915.9,908.33,908.56
1774029600,908.72,910.119,907.22,908.486
1774030500,908.36,909.43,904.01,905.825
1774031400,905.65,906.31,903.14,904.14
1774032300,904.31,904.31,900.14,901.1
1774033200,901.265,903.2599,900.38,902.4961
1774034100,902.44,903.38,899.29,901.43
1774035000,901.385,903.45,899.58,903.0643
1774035900,903.01,906.66,899.52,906.63
1774272600,912.99,921.1,910.8,913.975
1774273500,913.3,916.41,907.23,908.805
1774274400,908.8,912.53,908.56,909.07
1774275300,908.94,917.9999,908.68,916.58
1774276200,916.16,920.64,913.8,917.985
1774277100,917.98,921.4,917.345,919.96
1774278000,919.96,923.37,919.33,923
1774278900,922.75,925,922.62,924.26
1774279800,924.18,925.7699,923.0583,923.88
1774280700,923.9391,926.775,920.9369,921.155
1774281600,921.42,922.649,919.5101,921.4
1774282500,920.9,921.0151,917.3,917.67
1774283400,917.88,919.68,915.2001,916.68
1774284300,917.7203,917.98,913.45,914.2975
1774285200,914.31,914.99,912.655,913.17
1774286100,913.01,915.43,912.68,913.45
1774287000,913.46,916.14,912.34,913.035
1774287900,912.87,914.51,911.83,913.26
1774288800,913.165,913.85,908.85,912.2357
1774289700,911.88,915.97,910.74,912.74
1774290600,913.15,915.49,912.925,914
1774291500,913.92,915.405,912.71,913.05
1774292400,912.97,914.5943,911.71,911.98
1774293300,911.71,912.0899,909.91,910.45
1774294200,910.49,912.05,909.36,912.05
1774295100,911.815,914.69,910.02,910.27
1774359000,907,908.39,901.11,905.22
1774359900,905.22,908.6699,903.35,903.35
1774360800,903.45,905.3225,900.795,902.885
1774361700,902.885,903.2279,895.61,900.95
1774362600,900.95,904.4,899.2701,902.68
1774363500,902.34,903.98,897.71,898.57
1774364400,899.1,901,897.5,900.8
1774365300,900.4164,902.17,900,900.48
1774366200,900.79,903.255,898.41,902.56
1774367100,902.8,903.5894,900.0001,900.4
1774368000,900.39,900.67,898.6001,900.66
1774368900,900.185,903.1001,900.185,903.045
1774369800,902.945,903.43,901.1601,902.4
1774370700,902.765,903.21,901.35,901.95
1774371600,902.63,903.125,900.59,901.9494
1774372500,901.62,903.04,901.01,901.01
1774373400,901.17,902.63,899.83,900.34
1774374300,900.34,901.8,898.2417,901.44
1774375200,901.6,902.87,901.5001,901.84
1774376100,901.66,902.1299,900.54,901.22
1774377000,901.23,903.48,901,901.25
1774377900,901.315,904.87,901.315,903.975
1774378800,904.06,905.8199,902.82,905.145
1774379700,905.0227,905.6,903.71,903.875
1774380600,903.94,904.12,902.59,902.745
1774381500,902.6923,903.56,900.08,902.77
1774445400,912.49,921.97,910.1101,912.01
1774446300,912.655,913.74,911,912.09
1774447200,912.35,913.99,909.84,913.23
1774448100,913.35,915.6,909.7365,913.03
1774449000,912.2105,913.015,909.23,912.79
1774449900,912.31,914.4655,912.19,912.815
1774450800,913.19,913.98,910.23,912.645
1774451700,912.99,916.33,909.09,915.71
1774452600,915.515,916.79,913.22,915.17
1774453500,915.5,916.74,914.8501,916.23
1774454400,916.165,917.73,915.26,917.695
1774455300,917.365,920,916.5701,918.695
1774456200,918.42,922.15,918.06,921.13
1774457100,921.13,921.59,919.42,920.535
1774458000,920.535,920.87,917.5201,918.5
1774458900,918.25,918.375,916.06,916.9
1774459800,916.77,916.95,914.55,915.61
1774460700,915.41,917.3799,915.08,916.44
1774461600,916.35,917.4699,915.16,916.83
1774462500,916.83,918,915.79,916.48
1774463400,915.94,917.38,915.32,917.21
1774464300,917.12,917.82,915,915.86
1774465200,915.74,915.74,912.78,912.98
1774466100,912.98,913.91,912.26,912.46
1774467000,912.46,913.27,911.03,911.9
1774467900,911.83,916.45,911.25,916.37
1774531800,912.38,916.3499,905.665,913.33
1774532700,913.67,915.215,907.87,909.985
1774533600,910.8165,910.9,905.21,907.925
1774534500,907.639,908.77,905.23,906.36
1774535400,906.58,907.025,904.5001,904.87
1774536300,904.65,907.01,904.65,906.82
1774537200,906.295,907.53,905.02,905.58
1774538100,905.98,906.1,903.1,903.81
1774539000,903.29,903.8399,900.77,901.1
1774539900,901.12,902.58,900.27,900.7
1774540800,900.5,903.51,899.6,902.63
1774541700,902.27,904.135,900.98,903.485
1774542600,903.83,904.46,901.1501,903.295
1774543500,903.29,906.32,902.61,906.08
1774544400,906.4294,906.55,903.8,904.69
1774545300,904.96,906.27,903.26,906.225
1774546200,905.95,906.225,901.5,903.48
1774547100,903.77,904.48,901,901
1774548000,901.23,903.57,901,903.57
1774548900,903.46,903.87,901.2775,901.2775
1774549800,901.0601,902.5,901.0601,902.15
1774550700,902.09,903.57,901.52,901.52
1774551600,901.87,902.0324,899.55,899.9555
1774552500,899.835,900.78,899.05,900.53
1774553400,900.57,900.57,897.5,897.82
1774554300,898,899.5,896.29,896.61
1774618200,896,900.8299,893.01,899.79
1774619100,899.61,899.62,891.0801,891.83
1774620000,891.62,893.17,889.01,891.71
1774620900,892.375,893,887.42,887.575
1774621800,887.7,889.425,885.5,887.98
1774622700,887.98,889.63,886.81,887.8
1774623600,887.81,889.125,886.9317,887.975
1774624500,887.99,893.5443,887.0001,892.4965
1774625400,892.66,893.5,890.15,890.575
1774626300,890.56,891.03,888,888.56
1774627200,888,889.605,887,888.715
1774628100,888.815,890.64,888.06,888.89
1774629000,889.74,890.535,887.57,888.64
1774629900,888.59,889.13,886.33,888.11
1774630800,888.25,889.74,887.36,888.2
1774631700,888,888.78,887.25,888
1774632600,888.16,888.635,886.1351,887.43
1774633500,887.54,888.637,887.0001,887.9075
1774634400,887.95,889,887.84,888.695
1774635300,888.695,889.27,887,887.775
1774636200,887.4875,888.5099,886.15,887.965
1774637100,887.965,888,884.95,885.02
1774638000,884.9001,885.48,882.84,882.85
1774638900,883,883.37,881,881.225
1774639800,881.45,882.32,878.76,879.015
1774640700,878.8427,879.29,877.11,877.66
1774877400,888.48,897.43,884.01,893.99
1774878300,893.69,895.22,890.16,893.3182
1774879200,892.46,893.49,887.48,888.4
1774880100,888.4,894.255,888.05,891.71
1774881000,891.825,893.42,889.06,892.5
1774881900,892.5,893.46,888.63,890.03
1774882800,890.03,890.94,885.56,889.345
1774883700,890.08,890.28,886.83,888.26
1774884600,888.09,888.09,885.22,885.38
1774885500,885.565,886.76,883.27,885.35
1774886400,884.87,886.24,883.11,885.905
1774887300,886.09,889.26,885.5401,886.545
1774888200,886.89,891.19,886.115,889.535
1774889100,889.25,892.2624,889.25,891.575
1774890000,891.575,893.4899,889.87,890.195
1774890900,890.195,894.5,889.77,893.665
1774891800,893.675,896.99,892.09,894.99
1774892700,894.985,895.36,887.48,887.875
1774893600,887.875,890.5,887.55,889.6
1774894500,889.7699,889.7699,887.14,887.14
1774895400,887.14,887.98,886.52,887.98
1774896300,887.5101,888.795,886.825,887.5075
1774897200,887.76,889.33,886.74,887.16
1774898100,887.155,887.71,885.91,887.68
1774899000,887.14,888.125,884.7616,887.75
1774899900,887.465,888.1,885,886.78
1774963800,893.49,913.31,892.14,908.565
1774964700,908.75,919.66,907.79,919.25
1774965600,918.575,924.1439,914.15,916.12
1774966500,916.8184,917.72,915,916.325
1774967400,916.33,917.15,912,912.48
1774968300,912.38,913.19,907.5,909.56
1774969200,910,915.57,909.17,914.8842
1774970100,915.095,915.9899,910.88,912.6
1774971000,912.19,913.05,909.41,913.03
1774971900,913.025,913.04,909.56,910.75
1774972800,910.7651,913.66,910.56,913.21
1774973700,913.21,914.765,912.8062,913.575
1774974600,913.575,917.7,912.46,916.33
1774975500,916.09,916.81,911.0527,913.24
1774976400,913.48,915.87,912.82,915.69
1774977300,915.795,917.25,914.88,915.47
1774978200,915.49,916.99,913.645,914.15
1774979100,914.045,916.97,914.045,916.3
1774980000,916.29,918.2,915.53,917.83
1774980900,917.49,918.5,915.94,917.04
1774981800,917.27,917.27,915.18,916.65
1774982700,916.71,918.37,916.71,918.3
1774983600,918.3,918.37,915.27,916.145
1774984500,916.15,918.85,916.14,918.85
1774985400,918.75,921.44,918.685,919.03
1774986300,919.05,921.17,914.04,920.11
1775050200,926.88,936,925.99,934.58
1775051100,934.58,936.24,931.66,935.54
1775052000,934.35,936.33,928.47,929.31
1775052900,929.48,933.32,928.25,932.705
1775053800,932.705,936.79,931.77,933.7
1775054700,934.105,936.7,933,935.565
1775055600,935.02,937.57,934.5001,936.65
1775056500,936.57,955.59,935,950.755
1775057400,950.1,961.71,949.1006,960.06
1775058300,959.4501,969.375,957.6,968.15
1775059200,968.15,972.83,961.5,963.99
1775060100,963.61,964.21,953.73,955.5
1775061000,955.065,959.39,953.91,958.6201
1775061900,958.79,963.295,958.18,962.965
1775062800,963.13,973,963.13,972.28
1775063700,971.98,976.58,971.0768,976
1775064600,975.995,976.6799,970.85,973.19
1775065500,973.64,974.23,967.15,967.35
1775066400,966.55,967.97,962,966.05
1775067300,966.05,966.75,956.835,957.665
1775068200,957.665,960.665,956,958.03
1775069100,957.545,959.26,954.16,955.5
1775070000,955.92,960.82,955,960.145
1775070900,960.145,960.18,957,957.22
1775071800,957.44,959.89,955.3501,958.99
1775072700,959.71,960.61,953.96,954.91
1775136600,945,954.76,937.53,953.165
1775137500,952.69,957.6875,948.57,954.9575
1775138400,955.38,955.5,945.44,947.99
1775139300,947.54,947.99,942.0001,944.81
1775140200,944.81,949.6099,942.0101,947.925
1775141100,947.925,948.96,944.0454,945.8
1775142000,945.842382,946.31,939,940.88
1775142900,940.88,941.39,937.375,938.87
1775143800,938.87,940.55,934.0001,934.77
1775144700,934.605,934.8199,931.22,933.765
1775145600,934.11,935.3215,932.12,934.97
1775146500,934.82,935.21,931.61,932.24
1775147400,932.245,933.69,931,931.94
1775148300,932.22,934.1,932.06,932.49
1775149200,932.97,932.97,930.02,931.69
1775150100,931.69,934.99,931.1881,933.57
1775151000,933.57,936.22,933.17,936.065
1775151900,936.11,936.24,933.4395,936.065
1775152800,936.065,937.72,935.02,936.32
1775153700,936.62,937.75,935.4,935.7
1775154600,936.1,936.3999,934.54,936.06
1775155500,935.965,937.21,935.22,935.47
1775156400,935.355,937.37,934.7101,935.71
1775157300,935.545,935.7,934.18,934.62
1775158200,934.52,935.16,933.42,934.8
1775159100,934.82,936.855,933.085,935.58
1775482200,932.04,934,924.14,928.57
1775483100,928.56,934.67,926.51,933.16
1775484000,932.82,936,930.01,932.855
1775484900,932.35,933.49,930.4815,931.995
1775485800,931.99,934.07,930.174904,930.485
1775486700,930.0501,930.7051,927.1063,928.7
1775487600,928.405,928.7,924.97,925.73
1775488500,925.71,926.571,925,925.7
1775489400,925.14,926.58,923.49,923.99
1775490300,923.99,925.96,923.78,925.605
1775491200,925.9007,926.98,925.15,926.13
1775492100,926.375,926.76,925.5,926.355
1775493000,926.355,928.11,926.15,927.54
1775493900,927.54,928.4799,927,927.27
1775494800,927.4499,927.45,924.37,924.625
1775495700,924.87,925.2599,923.8,924.33
1775496600,924.345,924.35,921,922.35
1775497500,922.5,922.5,920.32,920.99
1775498400,920.84,921.17,919.78,920.3
1775499300,920.12,921.86,920.055,921.25
1775500200,921.255,922.49,921.255,922.48
1775501100,922.53,924.5,922.5,924.175
1775502000,924.17,925.36,923.63,924.61
1775502900,924.61,925.85,922.49,925.09
1775503800,925.01,925.01,921.37,922.43
1775504700,922.47,927.13,922.25,926.66
1775568600,924.5,926.045,898.4501,901.03
1775569500,900.47,909.7,899.59,906.6
1775570400,906.425,908,900.975,907.0099
1775571300,907.005,910.175,906.109,909.84
1775572200,909.6,916.43,909.08,915.11
1775573100,915.44,920.5,914.587,918.79
1775574000,918.79,921.695,917.87,921.46
1775574900,920.905,922.49,918.1,919.33
1775575800,919.31,923.44,919.03,920.73
1775576700,921.32,926,919.446,924.33
1775577600,924.33,931.29,923.96,931.17
1775578500,931.1993,931.25,927.238,930.4
1775579400,930.29,932.16,929.09,931.28
1775580300,931.37,932.64,929.1001,929.55
1775581200,929.545,930.91,928.4668,930.24
1775582100,929.87,929.875,925.4073,926.56
1775583000,926.3,929.82,925.8,929.7
1775583900,929.69,932.22,929.38,930.2
1775584800,930.2,932.655,929.9701,932.15
1775585700,932.14,932.36,930.13,930.135
1775586600,930.25,932.145,930.01,930.905
1775587500,931.285,931.3095,926.17,927.29
1775588400,927.29,927.51,922.62,923.46
1775589300,922.92,927.1399,922.68,926.475
1775590200,926.21,928.0599,925.425,927.32
1775591100,927.27,931.9899,927.0486,930.9