ticker,timeframe,bar_close_utc,bar_close_est,signal,close_price,executed_by_bot
AMZN,1H,2026-04-20 11:00 UTC,2026-04-20 07:00 ET,SHORT,248.2455,NO (pre/post market)
MSFT,1H,2026-04-20 09:00 UTC,2026-04-20 05:00 ET,SHORT,418.5,NO (pre/post market)
TSLA,1H,2026-04-17 15:00 UTC,2026-04-17 11:00 ET,LONG,406.23,YES
AMZN,1H,2026-04-17 13:00 UTC,2026-04-17 09:00 ET,LONG,253.955,NO (pre/post market)
TSLA,1H,2026-04-16 16:00 UTC,2026-04-16 12:00 ET,SHORT,388.4811,YES
AMZN,1H,2026-04-15 14:00 UTC,2026-04-15 10:00 ET,SHORT,247.92,YES
NVDA,1H,2026-04-13 22:00 UTC,2026-04-13 18:00 ET,LONG,189.26,NO (pre/post market)
AMZN,1H,2026-04-13 21:00 UTC,2026-04-13 17:00 ET,LONG,239.62,NO (pre/post market)
MSFT,1H,2026-04-13 16:00 UTC,2026-04-13 12:00 ET,LONG,381.095,YES
NVDA,1H,2026-04-13 13:00 UTC,2026-04-13 09:00 ET,SHORT,188.025,NO (pre/post market)
AMZN,1H,2026-04-13 12:00 UTC,2026-04-13 08:00 ET,SHORT,237.7558,NO (pre/post market)
TSLA,1H,2026-04-10 22:00 UTC,2026-04-10 18:00 ET,LONG,351.43,NO (pre/post market)
AMZN,1H,2026-04-09 14:00 UTC,2026-04-09 10:00 ET,LONG,228.295,YES
AMZN,1H,2026-04-09 11:00 UTC,2026-04-09 07:00 ET,SHORT,224.25,NO (pre/post market)
MSFT,1H,2026-04-08 23:00 UTC,2026-04-08 19:00 ET,SHORT,374.0,NO (pre/post market)
TSLA,1H,2026-04-08 21:00 UTC,2026-04-08 17:00 ET,SHORT,341.61,NO (pre/post market)
TSLA,1H,2026-04-08 09:00 UTC,2026-04-08 05:00 ET,LONG,361.8,NO (pre/post market)
MSFT,1H,2026-04-08 08:00 UTC,2026-04-08 04:00 ET,LONG,385.2329,NO (pre/post market)
NVDA,1H,2026-04-07 23:00 UTC,2026-04-07 19:00 ET,LONG,183.2601,NO (pre/post market)
MSFT,1H,2026-04-07 16:00 UTC,2026-04-07 12:00 ET,SHORT,370.719,YES
NVDA,1H,2026-04-07 13:00 UTC,2026-04-07 09:00 ET,SHORT,175.3399,NO (pre/post market)
AMZN,1H,2026-04-06 15:00 UTC,2026-04-06 11:00 ET,LONG,212.5788,YES
MSFT,1H,2026-04-06 09:00 UTC,2026-04-06 05:00 ET,LONG,375.94,NO (pre/post market)
NVDA,1H,2026-04-02 21:00 UTC,2026-04-02 17:00 ET,LONG,176.9,NO (pre/post market)
TSLA,1H,2026-04-02 12:00 UTC,2026-04-02 08:00 ET,SHORT,369.0,NO (pre/post market)
AMZN,1H,2026-04-02 10:00 UTC,2026-04-02 06:00 ET,SHORT,206.3,NO (pre/post market)
NVDA,1H,2026-04-02 09:00 UTC,2026-04-02 05:00 ET,SHORT,171.77,NO (pre/post market)
AAPL,4H,2026-04-01 21:30 UTC,2026-04-01 17:30 ET,LONG,254.9831,NO (pre/post market)
MSFT,1H,2026-04-01 21:00 UTC,2026-04-01 17:00 ET,SHORT,369.826,NO (pre/post market)
TSLA,1H,2026-03-31 17:00 UTC,2026-03-31 13:00 ET,LONG,368.29,YES
NVDA,1H,2026-03-31 16:00 UTC,2026-03-31 12:00 ET,LONG,172.915,YES
MSFT,1H,2026-03-31 15:00 UTC,2026-03-31 11:00 ET,LONG,363.93,YES
AMZN,1H,2026-03-31 15:00 UTC,2026-03-31 11:00 ET,LONG,205.35,YES
AAPL,4H,2026-03-30 17:30 UTC,2026-03-30 13:30 ET,SHORT,246.0,YES
AMZN,1H,2026-03-26 21:00 UTC,2026-03-26 17:00 ET,SHORT,207.92,NO (pre/post market)
NVDA,1H,2026-03-26 15:00 UTC,2026-03-26 11:00 ET,SHORT,174.6599,YES
TSLA,1H,2026-03-26 10:00 UTC,2026-03-26 06:00 ET,SHORT,381.54,NO (pre/post market)
AMZN,1H,2026-03-25 15:00 UTC,2026-03-25 11:00 ET,LONG,210.9701,YES
NVDA,1H,2026-03-25 13:00 UTC,2026-03-25 09:00 ET,LONG,178.155,NO (pre/post market)
AMZN,1H,2026-03-24 17:00 UTC,2026-03-24 13:00 ET,SHORT,207.49,YES
AAPL,4H,2026-03-24 13:30 UTC,2026-03-24 09:30 ET,LONG,253.21,YES
TSLA,1H,2026-03-23 17:00 UTC,2026-03-23 13:00 ET,LONG,380.26,YES
AMZN,1H,2026-03-23 15:00 UTC,2026-03-23 11:00 ET,LONG,210.56,YES
TSLA,1H,2026-03-18 21:00 UTC,2026-03-18 17:00 ET,SHORT,393.3002,NO (pre/post market)
AMZN,1H,2026-03-18 17:00 UTC,2026-03-18 13:00 ET,SHORT,211.195,YES
NVDA,1H,2026-03-17 20:00 UTC,2026-03-17 16:00 ET,SHORT,182.05,YES
AMZN,1H,2026-03-16 16:00 UTC,2026-03-16 12:00 ET,LONG,209.545,YES
TSLA,1H,2026-03-16 15:00 UTC,2026-03-16 11:00 ET,LONG,398.33,YES
NVDA,1H,2026-03-16 15:00 UTC,2026-03-16 11:00 ET,LONG,184.1115,YES
MSFT,1H,2026-03-13 17:00 UTC,2026-03-13 13:00 ET,SHORT,396.565,YES
NVDA,1H,2026-03-13 08:00 UTC,2026-03-13 04:00 ET,SHORT,183.12,NO (pre/post market)
AAPL,4H,2026-03-12 21:30 UTC,2026-03-12 17:30 ET,SHORT,255.95,NO (pre/post market)
TSLA,1H,2026-03-12 18:00 UTC,2026-03-12 14:00 ET,SHORT,396.987,YES
AAPL,4H,2026-03-11 13:30 UTC,2026-03-11 09:30 ET,LONG,260.505,YES
TSLA,1H,2026-03-10 08:00 UTC,2026-03-10 04:00 ET,LONG,402.13,NO (pre/post market)
MSFT,1H,2026-03-10 08:00 UTC,2026-03-10 04:00 ET,LONG,410.74,NO (pre/post market)
NVDA,1H,2026-03-09 21:00 UTC,2026-03-09 17:00 ET,LONG,181.82,NO (pre/post market)
MSFT,1H,2026-03-09 09:00 UTC,2026-03-09 05:00 ET,SHORT,404.67,NO (pre/post market)
AMZN,1H,2026-03-09 08:00 UTC,2026-03-09 04:00 ET,SHORT,209.45,NO (pre/post market)
NVDA,1H,2026-03-06 22:00 UTC,2026-03-06 17:00 ET,SHORT,178.02,NO (pre/post market)
TSLA,1H,2026-03-06 15:00 UTC,2026-03-06 10:00 ET,SHORT,398.3999,YES
TSLA,1H,2026-03-04 16:00 UTC,2026-03-04 11:00 ET,LONG,406.505,YES
AMZN,1H,2026-03-03 23:00 UTC,2026-03-03 18:00 ET,LONG,207.83,NO (pre/post market)
MSFT,1H,2026-03-03 18:00 UTC,2026-03-03 13:00 ET,LONG,405.5,YES
MSFT,1H,2026-03-03 14:00 UTC,2026-03-03 09:00 ET,SHORT,394.465,NO (pre/post market)
NVDA,1H,2026-03-02 19:00 UTC,2026-03-02 14:00 ET,LONG,182.8073,YES
MSFT,1H,2026-03-02 18:00 UTC,2026-03-02 13:00 ET,LONG,398.685,YES
AMZN,1H,2026-03-02 13:00 UTC,2026-03-02 08:00 ET,SHORT,205.0819,NO (pre/post market)
AAPL,4H,2026-02-27 22:30 UTC,2026-02-27 17:30 ET,SHORT,263.55,NO (pre/post market)
AMZN,1H,2026-02-27 21:00 UTC,2026-02-27 16:00 ET,LONG,210.03,YES
MSFT,1H,2026-02-27 00:00 UTC,2026-02-26 19:00 ET,SHORT,397.193,NO (pre/post market)
AMZN,1H,2026-02-26 19:00 UTC,2026-02-26 14:00 ET,SHORT,208.1,YES
NVDA,1H,2026-02-26 16:00 UTC,2026-02-26 11:00 ET,SHORT,185.8965,YES
TSLA,1H,2026-02-26 15:00 UTC,2026-02-26 10:00 ET,SHORT,409.2715,YES
AMZN,1H,2026-02-24 20:00 UTC,2026-02-24 15:00 ET,LONG,208.56,YES
TSLA,1H,2026-02-24 18:00 UTC,2026-02-24 13:00 ET,LONG,406.61,YES
MSFT,1H,2026-02-24 17:00 UTC,2026-02-24 12:00 ET,LONG,386.94,YES
AAPL,4H,2026-02-24 14:30 UTC,2026-02-24 09:30 ET,LONG,271.96,YES
AMZN,1H,2026-02-23 16:00 UTC,2026-02-23 11:00 ET,SHORT,204.107,YES
AMZN,1H,2026-02-17 23:00 UTC,2026-02-17 18:00 ET,LONG,200.61,NO (pre/post market)
NVDA,1H,2026-02-17 20:00 UTC,2026-02-17 15:00 ET,LONG,185.0299,YES
TSLA,1H,2026-02-12 18:00 UTC,2026-02-12 13:00 ET,SHORT,416.735,YES
MSFT,1H,2026-02-11 18:00 UTC,2026-02-11 13:00 ET,SHORT,405.1961,YES
AMZN,1H,2026-02-11 17:00 UTC,2026-02-11 12:00 ET,SHORT,203.68,YES
NVDA,1H,2026-02-10 17:00 UTC,2026-02-10 12:00 ET,SHORT,190.217,YES
AAPL,4H,2026-02-10 14:30 UTC,2026-02-10 09:30 ET,SHORT,273.93,YES
MSFT,1H,2026-02-09 09:00 UTC,2026-02-09 04:00 ET,LONG,404.31,NO (pre/post market)
AMZN,1H,2026-02-06 21:00 UTC,2026-02-06 16:00 ET,LONG,209.8,YES
TSLA,1H,2026-02-06 14:00 UTC,2026-02-06 09:00 ET,LONG,407.07,NO (pre/post market)
NVDA,1H,2026-02-06 14:00 UTC,2026-02-06 09:00 ET,LONG,180.5569,NO (pre/post market)
MSFT,1H,2026-02-05 13:00 UTC,2026-02-05 08:00 ET,SHORT,404.8485,NO (pre/post market)
MSFT,1H,2026-02-04 19:00 UTC,2026-02-04 14:00 ET,LONG,417.735,YES
AMZN,1H,2026-02-03 18:00 UTC,2026-02-03 13:00 ET,SHORT,235.98,YES
AMZN,1H,2026-02-02 17:00 UTC,2026-02-02 12:00 ET,LONG,244.725,YES
TSLA,1H,2026-02-02 15:00 UTC,2026-02-02 10:00 ET,SHORT,420.16,YES
MSFT,1H,2026-02-02 12:00 UTC,2026-02-02 07:00 ET,SHORT,427.98,NO (pre/post market)
NVDA,1H,2026-02-02 11:00 UTC,2026-02-02 06:00 ET,SHORT,187.89,NO (pre/post market)
TSLA,1H,2026-01-30 19:00 UTC,2026-01-30 14:00 ET,LONG,433.44,YES
MSFT,1H,2026-01-30 14:00 UTC,2026-01-30 09:00 ET,LONG,435.56,NO (pre/post market)
TSLA,1H,2026-01-29 17:00 UTC,2026-01-29 12:00 ET,SHORT,420.635,YES
TSLA,1H,2026-01-28 21:00 UTC,2026-01-28 16:00 ET,LONG,444.5,YES
AMZN,1H,2026-01-28 20:00 UTC,2026-01-28 15:00 ET,SHORT,243.02,YES
MSFT,1H,2026-01-28 19:00 UTC,2026-01-28 14:00 ET,SHORT,480.575,YES
AAPL,4H,2026-01-26 18:30 UTC,2026-01-26 13:30 ET,LONG,255.63,YES
TSLA,1H,2026-01-23 21:00 UTC,2026-01-23 16:00 ET,SHORT,447.66,YES
AMZN,1H,2026-01-23 17:00 UTC,2026-01-23 12:00 ET,LONG,239.18,YES
MSFT,1H,2026-01-23 15:00 UTC,2026-01-23 10:00 ET,LONG,467.73,YES
TSLA,1H,2026-01-21 21:00 UTC,2026-01-21 16:00 ET,LONG,433.55,YES
NVDA,1H,2026-01-21 19:00 UTC,2026-01-21 14:00 ET,LONG,185.2601,YES
AMZN,1H,2026-01-20 11:00 UTC,2026-01-20 06:00 ET,SHORT,232.51,NO (pre/post market)
NVDA,1H,2026-01-20 10:00 UTC,2026-01-20 05:00 ET,SHORT,181.3,NO (pre/post market)
