ticker,timeframe,bar_close_utc,bar_close_est,signal,close_price
LLY,4H,2026-04-22 13:30 UTC,2026-04-22 09:30 ET,SHORT,920.75
WMT,3H,2026-04-22 13:30 UTC,2026-04-22 09:30 ET,LONG,129.48
INTU,4H,2026-04-21 17:30 UTC,2026-04-21 13:30 ET,LONG,404.94
CRM,4H,2026-04-21 13:30 UTC,2026-04-21 09:30 ET,LONG,188.28
WMT,2H,2026-04-20 15:30 UTC,2026-04-20 11:30 ET,LONG,128.46
CRM,3H,2026-04-16 16:30 UTC,2026-04-16 12:30 ET,LONG,180.515
LLY,3H,2026-04-15 19:30 UTC,2026-04-15 15:30 ET,SHORT,904.85
WMT,3H,2026-04-15 19:30 UTC,2026-04-15 15:30 ET,SHORT,124.75
INTU,3H,2026-04-15 19:30 UTC,2026-04-15 15:30 ET,LONG,389.59
LLY,2H,2026-04-15 17:30 UTC,2026-04-15 13:30 ET,SHORT,907.82
MRNA,2H,2026-04-15 15:30 UTC,2026-04-15 11:30 ET,LONG,54.0601
MRNA,3H,2026-04-15 13:30 UTC,2026-04-15 09:30 ET,LONG,53.74
CRM,2H,2026-04-14 19:30 UTC,2026-04-14 15:30 ET,LONG,171.32
INTU,2H,2026-04-14 17:30 UTC,2026-04-14 13:30 ET,LONG,365.975
WMT,2H,2026-04-14 15:30 UTC,2026-04-14 11:30 ET,SHORT,124.245
WMT,2H,2026-04-09 13:30 UTC,2026-04-09 09:30 ET,LONG,128.52
WMT,2H,2026-04-08 15:30 UTC,2026-04-08 11:30 ET,SHORT,125.805
WMT,4H,2026-04-02 17:30 UTC,2026-04-02 13:30 ET,LONG,125.785
LLY,4H,2026-04-02 13:30 UTC,2026-04-02 09:30 ET,LONG,933.57
LLY,3H,2026-04-01 16:30 UTC,2026-04-01 12:30 ET,LONG,957.22
LLY,2H,2026-04-01 13:30 UTC,2026-04-01 09:30 ET,LONG,950.755
WMT,3H,2026-03-30 19:30 UTC,2026-03-30 15:30 ET,LONG,123.5
CRM,4H,2026-03-25 17:30 UTC,2026-03-25 13:30 ET,SHORT,181.91
WMT,2H,2026-03-25 17:30 UTC,2026-03-25 13:30 ET,LONG,123.33
INTU,2H,2026-03-25 13:30 UTC,2026-03-25 09:30 ET,SHORT,422.79
CRM,3H,2026-03-24 19:30 UTC,2026-03-24 15:30 ET,SHORT,183.02
CRM,2H,2026-03-24 15:30 UTC,2026-03-24 11:30 ET,SHORT,183.53
MRNA,2H,2026-03-20 19:30 UTC,2026-03-20 15:30 ET,SHORT,51.4
MRNA,3H,2026-03-20 19:30 UTC,2026-03-20 15:30 ET,SHORT,51.4
WMT,2H,2026-03-18 19:30 UTC,2026-03-18 15:30 ET,SHORT,121.995
INTU,2H,2026-03-17 19:30 UTC,2026-03-17 15:30 ET,LONG,459.31
INTU,4H,2026-03-16 13:30 UTC,2026-03-16 09:30 ET,SHORT,454.42
WMT,2H,2026-03-13 15:30 UTC,2026-03-13 11:30 ET,LONG,126.22
LLY,2H,2026-03-13 13:30 UTC,2026-03-13 09:30 ET,SHORT,988.995
INTU,3H,2026-03-11 19:30 UTC,2026-03-11 15:30 ET,SHORT,440.51
LLY,2H,2026-03-11 15:30 UTC,2026-03-11 11:30 ET,LONG,1000.6
INTU,2H,2026-03-11 13:30 UTC,2026-03-11 09:30 ET,SHORT,441.3515
MRNA,2H,2026-03-04 18:30 UTC,2026-03-04 13:30 ET,LONG,59.3727
MRNA,2H,2026-03-03 20:30 UTC,2026-03-03 15:30 ET,SHORT,49.83
INTU,4H,2026-03-02 14:30 UTC,2026-03-02 09:30 ET,LONG,428.59
INTU,3H,2026-02-27 14:30 UTC,2026-02-27 09:30 ET,LONG,402.64
CRM,4H,2026-02-26 18:30 UTC,2026-02-26 13:30 ET,LONG,199.44
INTU,2H,2026-02-26 18:30 UTC,2026-02-26 13:30 ET,LONG,392.53
CRM,3H,2026-02-26 14:30 UTC,2026-02-26 09:30 ET,LONG,196.735
CRM,2H,2026-02-25 20:30 UTC,2026-02-25 15:30 ET,LONG,191.94
WMT,4H,2026-02-20 14:30 UTC,2026-02-20 09:30 ET,SHORT,121.38
LLY,3H,2026-02-19 14:30 UTC,2026-02-19 09:30 ET,SHORT,1015.87
MRNA,4H,2026-02-19 14:30 UTC,2026-02-19 09:30 ET,LONG,48.265
WMT,3H,2026-02-18 20:30 UTC,2026-02-18 15:30 ET,SHORT,126.6
WMT,2H,2026-02-18 18:30 UTC,2026-02-18 13:30 ET,SHORT,126.21
MRNA,3H,2026-02-18 17:30 UTC,2026-02-18 12:30 ET,LONG,46.49
MRNA,2H,2026-02-17 20:30 UTC,2026-02-17 15:30 ET,LONG,43.93
WMT,3H,2026-02-12 20:30 UTC,2026-02-12 15:30 ET,LONG,133.64
WMT,2H,2026-02-12 18:30 UTC,2026-02-12 13:30 ET,LONG,134.28
LLY,2H,2026-02-11 20:30 UTC,2026-02-11 15:30 ET,SHORT,1015.0
WMT,3H,2026-02-11 20:30 UTC,2026-02-11 15:30 ET,SHORT,128.78
INTU,2H,2026-02-11 16:30 UTC,2026-02-11 11:30 ET,SHORT,402.41
WMT,2H,2026-02-10 20:30 UTC,2026-02-10 15:30 ET,SHORT,126.76
INTU,2H,2026-02-09 14:30 UTC,2026-02-09 09:30 ET,LONG,437.69
LLY,3H,2026-02-05 14:30 UTC,2026-02-05 09:30 ET,LONG,1028.587
LLY,2H,2026-02-04 18:30 UTC,2026-02-04 13:30 ET,LONG,1107.545
WMT,4H,2026-02-03 14:30 UTC,2026-02-03 09:30 ET,LONG,126.88
MRNA,4H,2026-02-02 14:30 UTC,2026-02-02 09:30 ET,SHORT,43.345
CRM,3H,2026-01-30 14:30 UTC,2026-01-30 09:30 ET,SHORT,212.11
INTU,4H,2026-01-30 14:30 UTC,2026-01-30 09:30 ET,SHORT,500.615
INTU,3H,2026-01-29 20:30 UTC,2026-01-29 15:30 ET,SHORT,502.98
CRM,2H,2026-01-29 18:30 UTC,2026-01-29 13:30 ET,SHORT,212.0401
INTU,2H,2026-01-29 16:30 UTC,2026-01-29 11:30 ET,SHORT,494.72
LLY,3H,2026-01-28 17:30 UTC,2026-01-28 12:30 ET,SHORT,1016.77
LLY,2H,2026-01-28 14:30 UTC,2026-01-28 09:30 ET,SHORT,1016.105
MRNA,3H,2026-01-28 14:30 UTC,2026-01-28 09:30 ET,SHORT,44.62
INTU,4H,2026-01-27 18:30 UTC,2026-01-27 13:30 ET,LONG,545.315
WMT,4H,2026-01-27 14:30 UTC,2026-01-27 09:30 ET,SHORT,116.445
MRNA,2H,2026-01-27 14:30 UTC,2026-01-27 09:30 ET,SHORT,48.86
CRM,3H,2026-01-23 20:30 UTC,2026-01-23 15:30 ET,LONG,228.04
INTU,3H,2026-01-23 20:30 UTC,2026-01-23 15:30 ET,LONG,563.965
LLY,3H,2026-01-23 17:30 UTC,2026-01-23 12:30 ET,LONG,1070.05
INTU,2H,2026-01-23 16:30 UTC,2026-01-23 11:30 ET,LONG,560.14
CRM,2H,2026-01-23 14:30 UTC,2026-01-23 09:30 ET,LONG,228.57
LLY,2H,2026-01-22 14:30 UTC,2026-01-22 09:30 ET,LONG,1083.9
LLY,4H,2026-01-15 18:30 UTC,2026-01-15 13:30 ET,SHORT,1032.51
LLY,3H,2026-01-15 17:30 UTC,2026-01-15 12:30 ET,SHORT,1031.92
LLY,2H,2026-01-14 18:30 UTC,2026-01-14 13:30 ET,SHORT,1071.65
MRNA,2H,2026-01-13 20:30 UTC,2026-01-13 15:30 ET,LONG,39.63
INTU,3H,2026-01-13 17:30 UTC,2026-01-13 12:30 ET,SHORT,605.94
CRM,2H,2026-01-13 16:30 UTC,2026-01-13 11:30 ET,SHORT,242.955
INTU,2H,2026-01-13 16:30 UTC,2026-01-13 11:30 ET,SHORT,612.465
MRNA,2H,2026-01-13 14:30 UTC,2026-01-13 09:30 ET,SHORT,37.945
WMT,4H,2026-01-12 18:30 UTC,2026-01-12 13:30 ET,LONG,117.98
WMT,3H,2026-01-12 17:30 UTC,2026-01-12 12:30 ET,LONG,118.345
LLY,4H,2026-01-09 14:30 UTC,2026-01-09 09:30 ET,LONG,1079.32
INTU,3H,2026-01-08 20:30 UTC,2026-01-08 15:30 ET,LONG,652.89
LLY,3H,2026-01-08 14:30 UTC,2026-01-08 09:30 ET,LONG,1097.285
CRM,2H,2026-01-07 20:30 UTC,2026-01-07 15:30 ET,LONG,266.06
LLY,2H,2026-01-07 20:30 UTC,2026-01-07 15:30 ET,LONG,1108.08
INTU,2H,2026-01-07 20:30 UTC,2026-01-07 15:30 ET,LONG,651.27
MRNA,4H,2026-01-07 18:30 UTC,2026-01-07 13:30 ET,LONG,35.9
LLY,4H,2026-01-07 14:30 UTC,2026-01-07 09:30 ET,SHORT,1102.115
MRNA,3H,2026-01-06 20:30 UTC,2026-01-06 15:30 ET,LONG,35.68
CRM,4H,2026-01-06 14:30 UTC,2026-01-06 09:30 ET,SHORT,261.89
MRNA,2H,2026-01-06 14:30 UTC,2026-01-06 09:30 ET,LONG,35.52
LLY,3H,2026-01-05 17:30 UTC,2026-01-05 12:30 ET,SHORT,1040.17
LLY,2H,2026-01-05 14:30 UTC,2026-01-05 09:30 ET,SHORT,1041.31
CRM,3H,2026-01-02 20:30 UTC,2026-01-02 15:30 ET,SHORT,253.62
INTU,4H,2026-01-02 18:30 UTC,2026-01-02 13:30 ET,SHORT,629.47
CRM,2H,2026-01-02 16:30 UTC,2026-01-02 11:30 ET,SHORT,254.2
INTU,3H,2026-01-02 14:30 UTC,2026-01-02 09:30 ET,SHORT,629.66
INTU,2H,2025-12-31 18:30 UTC,2025-12-31 13:30 ET,SHORT,663.33
WMT,2H,2025-12-31 16:30 UTC,2025-12-31 11:30 ET,LONG,111.5521
MRNA,4H,2025-12-31 14:30 UTC,2025-12-31 09:30 ET,SHORT,29.685
MRNA,3H,2025-12-29 17:30 UTC,2025-12-29 12:30 ET,SHORT,31.185
MRNA,2H,2025-12-26 20:30 UTC,2025-12-26 15:30 ET,SHORT,31.19
CRM,4H,2025-12-26 18:30 UTC,2025-12-26 13:30 ET,LONG,266.08
WMT,4H,2025-12-23 18:30 UTC,2025-12-23 13:30 ET,SHORT,110.85
CRM,3H,2025-12-23 17:30 UTC,2025-12-23 12:30 ET,LONG,263.805
WMT,3H,2025-12-23 17:30 UTC,2025-12-23 12:30 ET,SHORT,111.1364
CRM,2H,2025-12-22 16:30 UTC,2025-12-22 11:30 ET,LONG,263.54
WMT,2H,2025-12-19 20:30 UTC,2025-12-19 15:30 ET,SHORT,114.45
CRM,4H,2025-12-17 18:30 UTC,2025-12-17 13:30 ET,SHORT,258.17
LLY,4H,2025-12-17 18:30 UTC,2025-12-17 13:30 ET,LONG,1041.59
CRM,3H,2025-12-15 20:30 UTC,2025-12-15 15:30 ET,SHORT,254.58
CRM,2H,2025-12-15 18:30 UTC,2025-12-15 13:30 ET,SHORT,253.96
LLY,3H,2025-12-12 20:30 UTC,2025-12-12 15:30 ET,LONG,1027.87
WMT,3H,2025-12-12 20:30 UTC,2025-12-12 15:30 ET,LONG,116.69
WMT,2H,2025-12-12 18:30 UTC,2025-12-12 13:30 ET,LONG,116.62
LLY,2H,2025-12-11 20:30 UTC,2025-12-11 15:30 ET,LONG,1009.17
INTU,4H,2025-12-11 18:30 UTC,2025-12-11 13:30 ET,LONG,675.861
WMT,3H,2025-12-11 17:30 UTC,2025-12-11 12:30 ET,SHORT,115.575
WMT,2H,2025-12-09 16:30 UTC,2025-12-09 11:30 ET,SHORT,114.18
MRNA,4H,2025-12-08 14:30 UTC,2025-12-08 09:30 ET,LONG,27.7
MRNA,3H,2025-12-05 14:30 UTC,2025-12-05 09:30 ET,LONG,26.89
INTU,3H,2025-12-05 14:30 UTC,2025-12-05 09:30 ET,LONG,670.025
CRM,4H,2025-12-04 18:30 UTC,2025-12-04 13:30 ET,LONG,247.59
INTU,2H,2025-12-04 16:30 UTC,2025-12-04 11:30 ET,LONG,658.26
LLY,4H,2025-12-04 14:30 UTC,2025-12-04 09:30 ET,SHORT,1015.74
LLY,3H,2025-12-02 20:30 UTC,2025-12-02 15:30 ET,SHORT,1045.37
LLY,2H,2025-12-02 14:30 UTC,2025-12-02 09:30 ET,SHORT,1060.77
CRM,3H,2025-11-28 17:30 UTC,2025-11-28 12:30 ET,LONG,230.54
MRNA,2H,2025-11-28 16:30 UTC,2025-11-28 11:30 ET,LONG,25.98
INTU,2H,2025-11-26 16:30 UTC,2025-11-26 11:30 ET,SHORT,630.41
CRM,2H,2025-11-25 20:30 UTC,2025-11-25 15:30 ET,LONG,234.01
INTU,2H,2025-11-21 20:30 UTC,2025-11-21 15:30 ET,LONG,663.021
WMT,3H,2025-11-20 20:30 UTC,2025-11-20 15:30 ET,LONG,107.17
MRNA,3H,2025-11-20 20:30 UTC,2025-11-20 15:30 ET,SHORT,22.36
WMT,2H,2025-11-20 18:30 UTC,2025-11-20 13:30 ET,LONG,107.51
MRNA,2H,2025-11-19 18:30 UTC,2025-11-19 13:30 ET,SHORT,24.245
WMT,3H,2025-11-19 14:30 UTC,2025-11-19 09:30 ET,SHORT,100.23
CRM,2H,2025-11-18 14:30 UTC,2025-11-18 09:30 ET,SHORT,233.06
WMT,2H,2025-11-14 18:30 UTC,2025-11-14 13:30 ET,SHORT,102.355
MRNA,3H,2025-11-12 20:30 UTC,2025-11-12 15:30 ET,LONG,26.715
CRM,2H,2025-11-12 18:30 UTC,2025-11-12 13:30 ET,LONG,246.24
WMT,4H,2025-11-12 14:30 UTC,2025-11-12 09:30 ET,LONG,103.275
MRNA,2H,2025-11-11 20:30 UTC,2025-11-11 15:30 ET,LONG,26.43
WMT,3H,2025-11-07 20:30 UTC,2025-11-07 15:30 ET,LONG,102.61
INTU,4H,2025-11-07 14:30 UTC,2025-11-07 09:30 ET,SHORT,638.915
CRM,4H,2025-11-06 18:30 UTC,2025-11-06 13:30 ET,SHORT,239.33
WMT,2H,2025-11-05 18:30 UTC,2025-11-05 13:30 ET,LONG,101.6952
MRNA,4H,2025-11-05 14:30 UTC,2025-11-05 09:30 ET,SHORT,23.62
MRNA,2H,2025-11-04 16:30 UTC,2025-11-04 11:30 ET,SHORT,24.05
LLY,4H,2025-11-03 18:30 UTC,2025-11-03 13:30 ET,LONG,896.86
LLY,3H,2025-10-31 13:30 UTC,2025-10-31 09:30 ET,LONG,857.45
MRNA,2H,2025-10-31 13:30 UTC,2025-10-31 09:30 ET,LONG,27.235
INTU,3H,2025-10-30 13:30 UTC,2025-10-30 09:30 ET,SHORT,663.8199
CRM,3H,2025-10-29 19:30 UTC,2025-10-29 15:30 ET,SHORT,251.59
INTU,2H,2025-10-29 15:30 UTC,2025-10-29 11:30 ET,SHORT,655.37
WMT,4H,2025-10-29 13:30 UTC,2025-10-29 09:30 ET,SHORT,102.976
MRNA,3H,2025-10-29 13:30 UTC,2025-10-29 09:30 ET,SHORT,25.065
WMT,3H,2025-10-28 13:30 UTC,2025-10-28 09:30 ET,SHORT,103.49
WMT,2H,2025-10-27 19:30 UTC,2025-10-27 15:30 ET,SHORT,104.47
CRM,2H,2025-10-27 15:30 UTC,2025-10-27 11:30 ET,SHORT,255.77
LLY,2H,2025-10-24 15:30 UTC,2025-10-24 11:30 ET,LONG,830.8
