dt,open,high,low,close,tv_ss,py_ss,ss_diff,ss_pct,tv_buy,tv_sell,py_buy,py_sell
2026-03-04 18:30:00+00:00,1004.51,1005.0,1003.093,1003.58,,2.3589748934952652,0.0,,0,0,0,0
2026-03-04 18:45:00+00:00,1004.22,1004.6384,1002.0,1002.3221,,12.59791726697458,0.0,,0,0,0,0
2026-03-04 19:00:00+00:00,1003.26,1003.26,1000.77,1002.19,,34.319492844473984,0.0,,0,0,0,0
2026-03-04 19:15:00+00:00,1002.2,1002.2,999.5,1001.13,,66.93713800596069,0.0,,0,0,0,0
2026-03-04 19:30:00+00:00,1000.71,1002.91,1000.51,1002.04,,108.17692640156677,0.0,,0,0,0,0
2026-03-04 19:45:00+00:00,1002.04,1006.9999,1001.7901,1005.8,,155.76289099605873,0.0,,0,0,0,0
2026-03-04 20:00:00+00:00,1006.0,1006.83,1004.59,1004.785,,207.8533900096545,0.0,,0,0,0,0
2026-03-04 20:15:00+00:00,1004.785,1006.855,1003.0101,1006.61,,262.9563214388802,0.0,,0,0,0,0
2026-03-04 20:30:00+00:00,1006.695,1008.3,1005.55,1007.54,,319.8078745457216,0.0,,0,0,0,0
2026-03-04 20:45:00+00:00,1007.6,1008.55,1003.28,1003.28,,377.3177642375559,0.0,,0,0,0,0
2026-03-05 14:30:00+00:00,990.0,993.56,981.96,988.9999,,434.5066025679507,0.0,,0,0,0,0
2026-03-05 14:45:00+00:00,987.74,989.8,982.0,985.685,,490.4866005631833,0.0,,0,0,0,0
2026-03-05 15:00:00+00:00,985.685,991.0324,980.27,988.26,,544.5447056980729,0.0,,0,0,0,0
2026-03-05 15:15:00+00:00,988.815,991.92,984.12,985.07,,596.1785674238946,0.0,,0,0,0,0
2026-03-05 15:30:00+00:00,985.35,985.35,977.79,979.205,,645.0255600559062,0.0,,0,0,0,0
2026-03-05 15:45:00+00:00,979.07,982.82,972.5,972.975,,690.7943999064356,0.0,,0,0,0,0
2026-03-05 16:00:00+00:00,972.975,974.22,968.89,969.6,,733.2576016641422,0.0,,0,0,0,0
2026-03-05 16:15:00+00:00,969.7648,971.83,967.43,970.672,,772.2739567395486,0.0,,0,0,0,0
2026-03-05 16:30:00+00:00,970.85,970.85,965.6,969.21,,807.7982588863596,0.0,,0,0,0,0
2026-03-05 16:45:00+00:00,969.22,975.18,968.76,974.809,,839.876193534247,0.0,,0,0,0,0
2026-03-05 17:00:00+00:00,974.74,975.6799,968.8,969.33,,868.6780621478521,0.0,,0,0,0,0
2026-03-05 17:15:00+00:00,969.38,971.5,968.72,971.26,,893.9813568519745,0.0,,0,0,0,0
2026-03-05 17:30:00+00:00,971.06,973.58,970.225,972.88,,915.7451738748082,0.0,,0,0,0,0
2026-03-05 17:45:00+00:00,972.965,974.07,969.31,970.79,,934.1026231938635,0.0,,0,0,0,0
2026-03-05 18:00:00+00:00,971.045,972.99,970.34,972.36,,949.2223123490952,0.0,,0,0,0,0
2026-03-05 18:15:00+00:00,972.68,972.68,969.43,970.3597,,961.1917135979477,0.0,,0,0,0,0
2026-03-05 18:30:00+00:00,970.43,974.54,969.0,973.82,,970.4181253696557,0.0,,0,0,0,0
2026-03-05 18:45:00+00:00,973.63,975.04,971.33,971.75,,977.2688609807387,0.0,,0,0,0,0
2026-03-05 19:00:00+00:00,972.05,972.05,969.195,971.38,,981.9630704769223,0.0,,0,0,0,0
2026-03-05 19:15:00+00:00,971.615,973.055,970.71,972.395,,985.0111857519095,0.0,,0,0,0,0
2026-03-05 19:30:00+00:00,972.0,976.19,969.605,976.17,,987.1086406368316,0.0,,0,0,0,0
2026-03-05 19:45:00+00:00,976.17,976.215,972.595,973.165,,988.4527508133291,0.0,,0,0,0,0
2026-03-05 20:00:00+00:00,972.99,977.4999,972.63,977.09,,989.2123340502872,0.0,,0,0,0,0
2026-03-05 20:15:00+00:00,977.4739,979.0,976.0,976.37,,989.5305440205177,0.0,,0,0,0,0
2026-03-05 20:30:00+00:00,976.27,979.77,976.01,979.59,,989.594178827269,0.0,,0,0,0,0
2026-03-05 20:45:00+00:00,979.505,984.62,977.85,982.5,,989.439312306356,0.0,,0,0,0,0
2026-03-06 14:30:00+00:00,975.0,977.01,966.0901,968.95,,989.1514659734561,0.0,,0,0,0,0
2026-03-06 14:45:00+00:00,968.99,976.54,967.555,976.23,,988.6939206222448,0.0,,0,0,0,0
2026-03-06 15:00:00+00:00,976.23,982.49,975.26,979.485,,988.0319876967777,0.0,,0,0,0,0
2026-03-06 15:15:00+00:00,979.48,979.9,975.2093,976.165,,987.2866652417711,0.0,,0,0,0,0
2026-03-06 15:30:00+00:00,976.2001,980.6199,974.0001,978.42,,986.4998291708328,0.0,,0,0,0,0
2026-03-06 15:45:00+00:00,977.63,978.18,973.65,975.45,,985.6973401448316,0.0,,0,0,0,0
2026-03-06 16:00:00+00:00,975.45,977.445,974.04,974.76,,984.8852037412543,0.0,,0,0,0,0
2026-03-06 16:15:00+00:00,974.9225,976.75,973.3701,973.9701,,984.0625043602353,0.0,,0,0,0,0
2026-03-06 16:30:00+00:00,974.38,978.51,973.41,977.99,,983.2357428883942,0.0,,0,0,0,0
2026-03-06 16:45:00+00:00,977.6833,981.88,977.6833,980.24,,982.4303578157145,0.0,,0,0,0,0
2026-03-06 17:00:00+00:00,980.24,980.9999,977.03,977.3,,981.6923000381435,0.0,,0,0,0,0
2026-03-06 17:15:00+00:00,978.9299,978.9299,975.45,976.22,,981.0310047732847,0.0,,0,0,0,0
2026-03-06 17:30:00+00:00,975.98,979.0,975.82,978.7,,980.4341999600828,0.0,,0,0,0,0
2026-03-06 17:45:00+00:00,979.25,980.075,976.86,979.42,,979.8974029249113,0.0,,0,0,0,0
2026-03-06 18:00:00+00:00,979.42,985.99,978.66,985.831,,979.4437660419061,0.0,,0,0,0,0
2026-03-06 18:15:00+00:00,985.47,987.24,982.3454,985.95,,979.120935966591,0.0,,0,0,0,0
2026-03-06 18:30:00+00:00,986.0,986.9,984.14,985.0,,978.9550577070022,0.0,,0,0,0,0
2026-03-06 18:45:00+00:00,984.365,987.045,983.12,985.36,,978.9363375835459,0.0,,0,0,0,0
2026-03-06 19:00:00+00:00,985.39,987.5,984.8301,986.735,,979.0444380067246,0.0,,0,0,0,0
2026-03-06 19:15:00+00:00,986.5,987.9899,984.8001,987.61,,979.2520412888097,0.0,,0,0,0,0
2026-03-06 19:30:00+00:00,987.39,989.57,987.27,987.94,,979.6615246260193,0.0,,0,0,0,0
2026-03-06 19:45:00+00:00,987.84,990.97,987.5452,990.3,,980.233591003386,0.0,,0,0,0,0
2026-03-06 20:00:00+00:00,990.44,991.22,988.5901,988.5901,,980.9059288845654,0.0,,0,0,0,0
2026-03-06 20:15:00+00:00,989.115,990.135,986.51,986.51,,981.6545572963828,0.0,,0,0,0,0
2026-03-06 20:30:00+00:00,986.45,987.68,985.06,987.68,,982.4116076743456,0.0,,0,0,0,0
2026-03-06 20:45:00+00:00,987.72,991.15,985.03,989.79,,983.157093778686,0.0,,0,0,0,0
2026-03-09 13:30:00+00:00,986.89,992.72,980.58,986.86,,983.8585605345896,0.0,,0,0,0,0
2026-03-09 13:45:00+00:00,986.86,992.49,981.865,991.015,,984.5107896369649,0.0,,0,0,0,0
2026-03-09 14:00:00+00:00,991.015,991.64,985.34,988.98,,985.1132668345222,0.0,,0,0,0,0
2026-03-09 14:15:00+00:00,989.3,991.28,986.72,988.62,,985.6724524325821,0.0,,0,0,0,0
2026-03-09 14:30:00+00:00,988.75,991.6,987.42,988.85,,986.1982172189361,0.0,,0,0,0,0
2026-03-09 14:45:00+00:00,989.16,1000.35,989.16,998.88,,986.762572142357,0.0,,0,0,0,0
2026-03-09 15:00:00+00:00,999.47,1004.0,998.04,1001.4,,987.5415997709085,0.0,,0,0,0,0
2026-03-09 15:15:00+00:00,1001.4,1006.44,1000.76,1000.8275,,988.678935099518,0.0,,0,0,0,0
2026-03-09 15:30:00+00:00,1001.1,1001.12,994.0,994.55,,989.8846576521563,0.0,,0,0,0,0
2026-03-09 15:45:00+00:00,994.0,999.41,993.85,996.44,,991.0707111942064,0.0,,0,0,0,0
2026-03-09 16:00:00+00:00,996.45,999.06,995.26,998.505,,992.167618603177,0.0,,0,0,0,0
2026-03-09 16:15:00+00:00,998.505,1002.29,996.51,1001.73,,993.1678625932441,0.0,,0,0,0,0
2026-03-09 16:30:00+00:00,1001.39,1002.2755,998.86,1001.198,,994.1041400678687,0.0,,0,0,0,0
2026-03-09 16:45:00+00:00,1001.35,1001.9899,999.1801,999.5,,994.9959528915537,0.0,,0,0,0,0
2026-03-09 17:00:00+00:00,999.07,999.16,995.28,995.61,,995.817190772901,0.0,,0,0,0,0
2026-03-09 17:15:00+00:00,995.79,997.17,993.3401,994.52,,996.5312855880751,0.0,,0,0,0,0
2026-03-09 17:30:00+00:00,994.195,997.87,993.38,995.39,,997.1103282445575,0.0,,0,0,0,0
2026-03-09 17:45:00+00:00,995.62,995.75,994.0,994.8423,,997.5449042506924,0.0,,0,0,0,0
2026-03-09 18:00:00+00:00,994.7206,998.38,993.28,997.88,,997.8457008698671,0.0,,0,0,0,0
2026-03-09 18:15:00+00:00,997.69,999.93,997.69,998.74,,998.0523612318403,0.0,,0,0,0,0
2026-03-09 18:30:00+00:00,998.445,1000.9499,997.75,999.12,,998.2082831315878,0.0,,0,0,0,0
2026-03-09 18:45:00+00:00,999.45,1000.9,998.7501,999.08,,998.3501665741693,0.0,,0,0,0,0
2026-03-09 19:00:00+00:00,999.08,999.63,996.61,997.6251,,998.4836181703729,0.0,,0,0,0,0
2026-03-09 19:15:00+00:00,997.43,1002.88,996.7,1002.68,,998.6058473429251,0.0,,0,0,0,0
2026-03-09 19:30:00+00:00,1002.65,1008.62,1001.615,1005.48,,998.74949237047,0.0,,0,0,0,0
2026-03-09 19:45:00+00:00,1005.72,1008.93,1003.0581,1008.41,,998.9652502708335,0.0,,0,0,0,0
2026-03-10 13:30:00+00:00,1006.0,1012.0,994.0,1002.345,,999.241225523306,0.0,,0,0,0,0
2026-03-10 13:45:00+00:00,1001.98,1002.26,995.51,998.855,,999.5460738825896,0.0,,0,0,0,0
2026-03-10 14:00:00+00:00,998.86,1003.4,996.89,1002.88,,999.8292894269919,0.0,,0,0,0,0
2026-03-10 14:15:00+00:00,1003.44,1005.5,1001.32,1003.3,,1000.0783241313621,0.0,,0,0,0,0
2026-03-10 14:30:00+00:00,1003.2,1004.53,1001.1,1001.83,,1000.313430169639,0.0,,0,0,0,0
2026-03-10 14:45:00+00:00,1001.7,1004.21,999.0419,1002.505,,1000.5428062208931,0.0,,0,0,0,0
2026-03-10 15:00:00+00:00,1002.49,1004.99,1001.91,1002.71,,1000.7644593298901,0.0,,0,0,0,0
2026-03-10 15:15:00+00:00,1002.77,1006.15,1001.94,1004.485,,1000.9838032772336,0.0,,0,0,0,0
2026-03-10 15:30:00+00:00,1004.805,1007.249,1003.4897,1006.92,,1001.2225255701126,0.0,,0,0,0,0
2026-03-10 15:45:00+00:00,1006.92,1009.12,1005.77,1007.55,,1001.5120265827754,0.0,,0,0,0,0
2026-03-10 16:00:00+00:00,1007.025,1008.0,1003.68,1004.1272,,1001.8472853049891,0.0,,0,0,0,0
2026-03-10 16:15:00+00:00,1004.29,1006.065,1004.0,1004.095,,1002.206634720357,0.0,,0,0,0,0
2026-03-10 16:30:00+00:00,1003.99,1006.35,1003.8959,1005.89,,1002.5621992716761,0.0,,0,0,0,0
2026-03-10 16:45:00+00:00,1005.89,1008.84,1005.34,1007.3075,,1002.9076268674606,0.0,,0,0,0,0
2026-03-10 17:00:00+00:00,1007.3,1008.0,1005.83,1006.165,,1003.2519163441692,0.0,,0,0,0,0
2026-03-10 17:15:00+00:00,1006.3794,1007.9999,1006.3794,1007.4,,1003.6004373002634,0.0,,0,0,0,0
2026-03-10 17:30:00+00:00,1007.315,1007.38,1004.925,1005.99,,1003.9493437922831,0.0,,0,0,0,0
2026-03-10 17:45:00+00:00,1005.495,1006.97,1005.3418,1006.5,,1004.2836997061077,0.0,,0,0,0,0
2026-03-10 18:00:00+00:00,1006.5,1006.62,1002.0,1002.04,,1004.5863696256945,0.0,,0,0,0,0
2026-03-10 18:15:00+00:00,1002.035,1005.24,1001.5,1004.92,,1004.839291131737,0.0,,0,0,0,0
2026-03-10 18:30:00+00:00,1004.92,1005.21,1001.97,1002.405,,1005.0350066923136,0.0,,0,0,0,0
2026-03-10 18:45:00+00:00,1002.52,1005.215,1002.0701,1004.545,,1005.1623927085083,0.0,,0,0,0,0
2026-03-10 19:00:00+00:00,1004.54,1004.88,999.635,1001.74,,1005.2392720012502,0.0,,0,0,0,0
2026-03-10 19:15:00+00:00,1001.85,1002.99,1000.92,1001.731,,1005.2642659174281,0.0,,0,0,0,0
2026-03-10 19:30:00+00:00,1001.78,1001.78,999.1,1001.12,,1005.230668503199,0.0,,0,0,0,0
2026-03-10 19:45:00+00:00,1001.35,1002.2399,998.75,1001.18,,1005.1393825083234,0.0,,0,0,0,0
2026-03-11 13:30:00+00:00,1000.03,1002.93,990.67,994.12,,1004.9519434111752,0.0,,0,0,0,0
2026-03-11 13:45:00+00:00,994.52,997.28,993.9301,995.315,,1004.6225610060849,0.0,,0,0,0,0
2026-03-11 14:00:00+00:00,995.54,997.52,990.3,993.0001,,1004.0742595993272,0.0,,0,0,0,0
2026-03-11 14:15:00+00:00,993.0,996.0,991.565,995.375,,1003.3009719983191,0.0,,0,0,0,1
2026-03-11 14:30:00+00:00,995.95,997.9,994.65,997.52,,1002.4650814556555,0.0,,0,0,0,0
2026-03-11 14:45:00+00:00,997.05,998.9,996.64,998.39,,1001.6465357444716,0.0,,0,0,0,0
2026-03-11 15:00:00+00:00,998.4,1001.94,997.08,1001.475,,1000.9019807020136,0.0,,0,0,0,0
2026-03-11 15:15:00+00:00,1001.475,1001.475,995.78,995.78,,1000.2627182682565,0.0,,0,0,0,0
2026-03-11 15:30:00+00:00,995.68,997.23,994.1401,996.1237,,999.7127769582648,0.0,,0,0,0,0
2026-03-11 15:45:00+00:00,995.28,996.25,993.0,993.0,,999.1981340331515,0.0,,0,0,0,0
2026-03-11 16:00:00+00:00,993.3,994.366,991.51,994.07,,998.671738692488,0.0,,0,0,0,0
2026-03-11 16:15:00+00:00,994.075,997.5864,993.61,995.76,,998.1427371397718,0.0,,0,0,0,0
2026-03-11 16:30:00+00:00,996.09,998.415,995.99,996.8,,997.6474518930922,0.0,,0,0,0,0
2026-03-11 16:45:00+00:00,997.135,998.66,996.7001,997.72,,997.2182476217913,0.0,,0,0,0,0
2026-03-11 17:00:00+00:00,997.4,999.38,994.9701,998.875,,996.8717722019493,0.0,,0,0,0,0
2026-03-11 17:15:00+00:00,998.79,1001.48,998.79,1000.6,,996.6085641348016,0.0,,0,0,0,0
2026-03-11 17:30:00+00:00,1000.57,1001.355,997.355,998.0693,,996.433180103599,0.0,,0,0,0,0
2026-03-11 17:45:00+00:00,997.84,1000.228079,997.401,997.845,,996.3366988547357,0.0,,0,0,0,0
2026-03-11 18:00:00+00:00,997.45,998.52,996.2755,997.518,,996.2971817537327,0.0,,0,0,0,0
2026-03-11 18:15:00+00:00,997.83,999.535,997.5,998.335,,996.2940882494514,0.0,,0,0,0,0
2026-03-11 18:30:00+00:00,998.33,998.98,996.04,996.355,,996.3159475278029,0.0,,0,0,0,0
2026-03-11 18:45:00+00:00,996.7,997.8134,996.5301,997.09,,996.3534960426731,0.0,,0,0,0,0
2026-03-11 19:00:00+00:00,996.62,996.73,994.5,995.265,,996.3942784920889,0.0,,0,0,0,0
2026-03-11 19:15:00+00:00,995.265,997.24,994.84,995.24,,996.4255116204205,0.0,,0,0,0,0
2026-03-11 19:30:00+00:00,995.37,997.405,994.5101,997.07,,996.4429346674992,0.0,,0,0,0,0
2026-03-11 19:45:00+00:00,997.07,999.99,994.0,999.27,,996.4545862547635,0.0,,0,0,0,0
2026-03-12 13:30:00+00:00,993.45,994.5,984.37,986.0,,996.4398334258091,0.0,,0,0,0,0
2026-03-12 13:45:00+00:00,986.04,990.8799,984.48,990.35,,996.3317223341891,0.0,,0,0,0,0
2026-03-12 14:00:00+00:00,990.88,993.0671,988.4301,992.245,,996.1259935851684,0.0,,0,0,0,0
2026-03-12 14:15:00+00:00,992.455,992.61,981.96,982.16,,995.8084340321566,0.0,,0,0,0,0
2026-03-12 14:30:00+00:00,982.29,986.22,981.61,984.57,,995.3734026726285,0.0,,0,0,0,0
2026-03-12 14:45:00+00:00,984.6,987.7,984.0,985.965,,994.806703148211,0.0,,0,0,0,0
2026-03-12 15:00:00+00:00,986.2303,986.2303,979.67,980.38,,994.0874814859211,0.0,,0,0,0,0
2026-03-12 15:15:00+00:00,980.38,982.4099,977.8989,980.21,,993.2041799389928,0.0,,0,0,0,0
2026-03-12 15:30:00+00:00,980.715,981.91,978.13,980.13,,992.1655522890076,0.0,,0,0,0,0
2026-03-12 15:45:00+00:00,980.01,981.24,975.01,976.98,,990.9254590422172,0.0,,0,0,0,0
2026-03-12 16:00:00+00:00,976.94,979.5499,973.16,974.96,,989.5038906382495,0.0,,0,0,0,0
2026-03-12 16:15:00+00:00,974.96,979.0,974.82,976.09,,987.9878812845033,0.0,,0,0,0,0
2026-03-12 16:30:00+00:00,976.16,979.71,975.59,978.64,,986.4685585871625,0.0,,0,0,0,0
2026-03-12 16:45:00+00:00,978.52,978.52,975.7911,976.93,,984.9935740347164,0.0,,0,0,0,0
2026-03-12 17:00:00+00:00,976.29,977.9,975.89,976.9201,,983.6173557781764,0.0,,0,0,0,0
2026-03-12 17:15:00+00:00,977.12,978.37,975.52,977.875,,982.3579659397308,0.0,,0,0,0,0
2026-03-12 17:30:00+00:00,977.805,980.235,977.19,978.57,,981.2393958346134,0.0,,0,0,0,0
2026-03-12 17:45:00+00:00,978.57,979.325,976.99,977.915,,980.2787384095036,0.0,,0,0,0,0
2026-03-12 18:00:00+00:00,977.66,979.135,976.24,979.075,,979.4797679477872,0.0,,0,0,0,0
2026-03-12 18:15:00+00:00,979.135,980.131098,976.0,976.72,,978.8318061386746,0.0,,0,0,0,0
2026-03-12 18:30:00+00:00,976.72,977.4699,974.39,977.1,,978.2938868028934,0.0,,0,0,0,0
2026-03-12 18:45:00+00:00,977.16,977.66,974.065,974.72,,977.8336373119948,0.0,,0,0,0,0
2026-03-12 19:00:00+00:00,974.61,976.99,973.45,976.49,,977.420146772187,0.0,,0,0,0,0
2026-03-12 19:15:00+00:00,976.445,978.0,975.7401,976.995,,977.0532504144342,0.0,,0,0,0,0
2026-03-12 19:30:00+00:00,977.155,981.99,976.64,981.4616,,976.7486600202346,0.0,,0,0,0,0
2026-03-12 19:45:00+00:00,981.4,981.68,975.915,976.92,,976.5411213764343,0.0,,0,0,0,0
2026-03-13 13:30:00+00:00,980.13,1001.5,978.0,995.79,,976.4725605865167,0.0,,0,0,0,0
2026-03-13 13:45:00+00:00,995.99,1001.3,993.0,1000.08,,976.7433590710278,0.0,,0,0,1,0
2026-03-13 14:00:00+00:00,1000.36,1003.22,994.52,996.25,,977.4793115727439,0.0,,0,0,0,0
2026-03-13 14:15:00+00:00,995.81,996.58,993.47,995.14,,978.6174194724872,0.0,,0,0,0,0
2026-03-13 14:30:00+00:00,995.34,997.3,992.37,993.595,,980.0630167143535,0.0,,0,0,0,0
2026-03-13 14:45:00+00:00,992.88,997.86,992.26,992.36,,981.6298671195981,0.0,,0,0,0,0
2026-03-13 15:00:00+00:00,992.72,993.15,989.1101,991.37,,983.1664494774864,0.0,,0,0,0,0
2026-03-13 15:15:00+00:00,991.845,993.43,987.55,988.995,,984.5984486079436,0.0,,0,0,0,0
2026-03-13 15:30:00+00:00,989.19,990.95,988.11,988.73,,985.8765976702801,0.0,,0,0,0,0
2026-03-13 15:45:00+00:00,989.0,990.535,985.0,986.815,,986.9770938553066,0.0,,0,0,0,0
2026-03-13 16:00:00+00:00,986.815,989.546,985.74,987.68,,987.8922530075039,0.0,,0,0,0,0
2026-03-13 16:15:00+00:00,987.72,988.2425,986.2,987.335,,988.6263163413856,0.0,,0,0,0,0
2026-03-13 16:30:00+00:00,986.8221,992.29,986.62,990.3849,,989.1984917033462,0.0,,0,0,0,0
2026-03-13 16:45:00+00:00,989.96,994.125,989.05,990.76,,989.6477882863085,0.0,,0,0,0,0
2026-03-13 17:00:00+00:00,990.75,993.73,990.75,993.06,,990.0261315414384,0.0,,0,0,0,0
2026-03-13 17:15:00+00:00,993.4275,993.76,989.51,990.74,,990.3678747832441,0.0,,0,0,0,0
2026-03-13 17:30:00+00:00,990.925,991.3099,988.48,990.4,,990.6698587463954,0.0,,0,0,0,0
2026-03-13 17:45:00+00:00,990.645,991.7204,989.7501,990.615,,990.915970582057,0.0,,0,0,0,0
2026-03-13 18:00:00+00:00,990.8,992.78,990.695,991.315,,991.1080628203284,0.0,,0,0,0,0
2026-03-13 18:15:00+00:00,991.31,992.01,988.11,988.515,,991.2554233495298,0.0,,0,0,0,0
2026-03-13 18:30:00+00:00,988.515,990.48,988.51,990.325,,991.3637817305539,0.0,,0,0,0,0
2026-03-13 18:45:00+00:00,990.325,992.0,989.8,990.42,,991.4190838416114,0.0,,0,0,0,0
2026-03-13 19:00:00+00:00,990.53,991.2299,988.4301,988.88,,991.430244725617,0.0,,0,0,0,0
2026-03-13 19:15:00+00:00,988.84,989.44,986.07,986.75,,991.3962471551126,0.0,,0,0,0,0
2026-03-13 19:30:00+00:00,986.62,987.71,983.32,983.59,,991.283063558192,0.0,,0,0,0,0
2026-03-13 19:45:00+00:00,983.67,986.99,983.32,985.46,,991.0694534888192,0.0,,0,0,0,0
2026-03-16 13:30:00+00:00,991.98,998.17,988.15,996.48,,990.8211690756626,0.0,,0,0,0,0
2026-03-16 13:45:00+00:00,996.33,997.248,990.89,994.04,,990.6063499939758,0.0,,0,0,0,0
2026-03-16 14:00:00+00:00,994.035,994.0625,986.52,987.475,,990.454932424977,0.0,,0,0,0,0
2026-03-16 14:15:00+00:00,987.5,987.5,981.4501,981.64,,990.334241491603,0.0,,0,0,0,0
2026-03-16 14:30:00+00:00,981.86,983.9425,978.5439,983.48,,990.1659427529395,0.0,,0,0,0,0
2026-03-16 14:45:00+00:00,983.48,986.2,981.2,982.44,,989.914534915466,0.0,,0,0,0,0
2026-03-16 15:00:00+00:00,982.18,982.295,975.51,977.365,,989.5398552929065,0.0,,0,0,0,0
2026-03-16 15:15:00+00:00,977.8999,981.13,976.61,981.13,,989.0434198127631,0.0,,0,0,0,0
2026-03-16 15:30:00+00:00,981.15,983.26,981.15,982.66,,988.4567314403516,0.0,,0,0,0,1
2026-03-16 15:45:00+00:00,982.65,984.2,980.24,981.255,,987.833883932331,0.0,,0,0,0,0
2026-03-16 16:00:00+00:00,981.36,982.92,981.2801,982.67,,987.2147930672643,0.0,,0,0,0,0
2026-03-16 16:15:00+00:00,982.71,983.28,980.435,981.46,,986.613709494775,0.0,,0,0,0,0
2026-03-16 16:30:00+00:00,981.48,984.35,981.48,984.04,,986.0411633850257,0.0,,0,0,0,0
2026-03-16 16:45:00+00:00,984.04,985.96,982.82,985.35,,985.5164807270934,0.0,,0,0,0,0
2026-03-16 17:00:00+00:00,984.75,990.5,984.75,989.47,,985.0641955915279,0.0,,0,0,0,0
2026-03-16 17:15:00+00:00,989.27,990.04,987.23,989.11,,984.7120382470919,0.0,,0,0,0,0
2026-03-16 17:30:00+00:00,989.11,989.64,985.92,986.145,,984.4723478897356,0.0,,0,0,0,0
2026-03-16 17:45:00+00:00,985.98,986.74,984.7701,985.815,,984.3221568572753,0.0,,0,0,0,0
2026-03-16 18:00:00+00:00,985.37,987.4423,984.88,986.08,,984.2328785759692,0.0,,0,0,0,0
2026-03-16 18:15:00+00:00,986.16,987.45,984.95,986.06,,984.186495506108,0.0,,0,0,0,0
2026-03-16 18:30:00+00:00,986.04,986.9999,984.01,984.44,,984.1845279647262,0.0,,0,0,0,0
2026-03-16 18:45:00+00:00,984.44,984.9599,983.795,984.04,,984.2093255036457,0.0,,0,0,0,0
2026-03-16 19:00:00+00:00,984.205,985.51,983.7,984.13,,984.2391499392862,0.0,,0,0,0,0
2026-03-16 19:15:00+00:00,984.135,987.04,984.135,987.04,,984.2709836605205,0.0,,0,0,0,0
2026-03-16 19:30:00+00:00,987.05,987.5,984.39,984.55,,984.3137528648117,0.0,,0,0,0,0
2026-03-16 19:45:00+00:00,984.95,988.89,983.9301,988.89,,984.376151664295,0.0,,0,0,0,0
2026-03-17 13:30:00+00:00,978.92,981.165,967.16,973.6773,,984.4284372672662,0.0,,0,0,0,0
2026-03-17 13:45:00+00:00,974.01,976.5,958.42,961.2,,984.3171428414429,0.0,,0,0,0,0
2026-03-17 14:00:00+00:00,960.47,968.919,958.0,967.9899,,983.8276717426794,0.0,,0,0,0,0
2026-03-17 14:15:00+00:00,967.99,969.5,958.53,960.1274,,982.8898004907858,0.0,,0,0,0,0
2026-03-17 14:30:00+00:00,960.02,963.125,957.37,960.28,,981.5009490290835,0.0,,0,0,0,0
2026-03-17 14:45:00+00:00,960.28,961.16,952.0001,953.0,,979.7035054167729,0.0,,0,0,0,0
2026-03-17 15:00:00+00:00,952.975,954.92,947.1701,947.41,,977.4017437750238,0.0,,0,0,0,0
2026-03-17 15:15:00+00:00,947.88,951.7994,944.1201,946.6199,,974.5204606136289,0.0,,0,0,0,0
2026-03-17 15:30:00+00:00,945.965,949.0,939.11,940.64,,970.7105991869369,0.0,,0,0,0,0
2026-03-17 15:45:00+00:00,940.5,941.7,938.0,940.78,,966.1793253674902,0.0,,0,0,0,0
2026-03-17 16:00:00+00:00,940.5,941.05,935.01,935.85,,961.2805134856768,0.0,,0,0,0,0
2026-03-17 16:15:00+00:00,935.85,938.43,933.0,935.75,,956.316986728423,0.0,,0,0,0,0
2026-03-17 16:30:00+00:00,935.445,938.89,933.5,937.58,,951.5713258016671,0.0,,0,0,0,0
2026-03-17 16:45:00+00:00,937.59,941.32,934.58,935.49,,947.3535809294232,0.0,,0,0,0,0
2026-03-17 17:00:00+00:00,935.59,936.19,931.1,931.16,,943.7683263979004,0.0,,0,0,0,0
2026-03-17 17:15:00+00:00,931.15,936.52,928.0,934.99,,940.7589217988657,0.0,,0,0,0,0
2026-03-17 17:30:00+00:00,935.0,936.0,929.0,929.47,,938.2347116498038,0.0,,0,0,0,0
2026-03-17 17:45:00+00:00,929.33,933.205,929.03,930.52,,936.1124294870312,0.0,,0,0,0,0
2026-03-17 18:00:00+00:00,930.735,936.03,928.11,934.685,,934.389644916255,0.0,,0,0,0,0
2026-03-17 18:15:00+00:00,934.54,936.4814,932.65,934.015,,933.1077773926943,0.0,,0,0,0,0
2026-03-17 18:30:00+00:00,934.015,934.39,926.38,926.39,,932.2227276720747,0.0,,0,0,0,0
2026-03-17 18:45:00+00:00,926.39,928.55,925.25,926.8,,931.5433417477508,0.0,,0,0,0,0
2026-03-17 19:00:00+00:00,926.88,929.56,925.33,926.97,,930.8882076633432,0.0,,0,0,0,0
2026-03-17 19:15:00+00:00,927.0,929.795,925.52,926.12,,930.2137544679445,0.0,,0,0,0,0
2026-03-17 19:30:00+00:00,926.31,931.27,925.5201,928.72,,929.5854730268447,0.0,,0,0,0,0
2026-03-17 19:45:00+00:00,929.15,932.22,927.35,930.5,,929.062095081212,0.0,,0,0,0,0
2026-03-18 13:30:00+00:00,925.0,929.0,912.5,912.8416,,928.6049027604931,0.0,,0,0,0,0
2026-03-18 13:45:00+00:00,913.15,916.25,905.11,911.86,,927.9543945933826,0.0,,0,0,0,0
2026-03-18 14:00:00+00:00,912.0,912.93,905.5,910.755,,926.8873066548335,0.0,,0,0,0,0
2026-03-18 14:15:00+00:00,910.655,912.17,908.0,908.65,,925.4081413226737,0.0,,0,0,0,0
2026-03-18 14:30:00+00:00,908.0,912.87,906.54,910.96,,923.6705413299202,0.0,,0,0,0,0
2026-03-18 14:45:00+00:00,911.43,917.95,911.39,913.83,,921.9299166773604,0.0,,0,0,0,0
2026-03-18 15:00:00+00:00,914.31,918.43,914.0,916.49,,920.3179632374237,0.0,,0,0,0,0
2026-03-18 15:15:00+00:00,916.58,918.45,914.23,917.31,,918.9226313046487,0.0,,0,0,0,0
2026-03-18 15:30:00+00:00,917.31,919.61,916.769,918.2475,,917.7618410308247,0.0,,0,0,0,0
2026-03-18 15:45:00+00:00,917.83,919.375,914.5819,918.72,,916.8394878423054,0.0,,0,0,0,0
2026-03-18 16:00:00+00:00,918.58,919.77,916.32,916.32,,916.127572661768,0.0,,0,0,0,0
2026-03-18 16:15:00+00:00,916.28,922.0,916.28,921.58,,915.5899330829837,0.0,,0,0,0,0
2026-03-18 16:30:00+00:00,921.5,925.3857,920.35,923.405,,915.226475916133,0.0,,0,0,0,0
2026-03-18 16:45:00+00:00,923.22,924.05,919.0,919.3,,915.0660570029644,0.0,,0,0,0,0
2026-03-18 17:00:00+00:00,919.24,920.0,916.02,916.02,,915.0621346663698,0.0,,0,0,0,0
2026-03-18 17:15:00+00:00,916.3,916.48,913.07,913.77,,915.1354300990392,0.0,,0,0,0,0
2026-03-18 17:30:00+00:00,913.895,916.09,912.5,914.49,,915.2130563378373,0.0,,0,0,0,0
2026-03-18 17:45:00+00:00,914.49,917.3,913.1701,916.5,,915.2655176464106,0.0,,0,0,0,0
2026-03-18 18:00:00+00:00,916.96,917.37,914.85,915.835,,915.3011246720403,0.0,,0,0,0,0
2026-03-18 18:15:00+00:00,916.13,916.23,913.4701,914.46,,915.3321836328215,0.0,,0,0,0,0
2026-03-18 18:30:00+00:00,914.46,915.505,911.2801,913.71,,915.3530987408205,0.0,,0,0,0,0
2026-03-18 18:45:00+00:00,913.54,913.9794,912.25,912.42,,915.3505907720123,0.0,,0,0,0,0
2026-03-18 19:00:00+00:00,912.46,916.83,912.19,915.29,,915.3152266161086,0.0,,0,0,0,0
2026-03-18 19:15:00+00:00,915.46,915.99,912.52,912.895,,915.2591926817132,0.0,,0,0,0,0
2026-03-18 19:30:00+00:00,912.52,918.21,912.44,917.89,,915.1972288960965,0.0,,0,0,0,0
2026-03-18 19:45:00+00:00,917.84,919.0,915.89,917.72,,915.1510421656351,0.0,,0,0,0,0
2026-03-19 13:30:00+00:00,914.0,924.53,910.86,920.71,,915.142474728178,0.0,,0,0,0,0
2026-03-19 13:45:00+00:00,920.51,923.0,916.0801,916.96,,915.1824375421679,0.0,,0,0,0,0
2026-03-19 14:00:00+00:00,917.16,918.4391,914.24,916.245,,915.2645682215015,0.0,,0,0,0,0
2026-03-19 14:15:00+00:00,915.52,917.76,911.8,912.95,,915.3629215111132,0.0,,0,0,0,0
2026-03-19 14:30:00+00:00,912.64,915.0,912.44,914.19,,915.4425098788846,0.0,,0,0,0,0
2026-03-19 14:45:00+00:00,914.44,917.3874,914.0,916.885,,915.4916261509765,0.0,,0,0,0,0
2026-03-19 15:00:00+00:00,916.5,918.79,915.0,918.6115,,915.5269477000242,0.0,,0,0,0,0
2026-03-19 15:15:00+00:00,918.85,919.49,916.23,918.8586,,915.575572656101,0.0,,0,0,0,0
2026-03-19 15:30:00+00:00,918.79,919.19,917.0001,918.35,,915.6496288824098,0.0,,0,0,0,0
2026-03-19 15:45:00+00:00,918.39,919.34,917.66,919.185,,915.7613625874618,0.0,,0,0,0,0
2026-03-19 16:00:00+00:00,919.185,921.0,918.01,919.8,,915.9115184991356,0.0,,0,0,0,0
2026-03-19 16:15:00+00:00,919.8,921.455,919.245,920.98,,916.1028537498264,0.0,,0,0,0,0
2026-03-19 16:30:00+00:00,920.62,922.4999,919.0,922.044,,916.3402511341676,0.0,,0,0,0,0
2026-03-19 16:45:00+00:00,922.165,922.37,917.6,919.22,,916.6189821848361,0.0,,0,0,0,0
2026-03-19 17:00:00+00:00,918.84,919.38,917.0401,917.92,,916.9126254015976,0.0,,0,0,0,0
2026-03-19 17:15:00+00:00,918.06,921.75,917.7755,920.53,,917.2001940422549,0.0,,0,0,0,0
2026-03-19 17:30:00+00:00,920.78,921.505,919.29,920.48,,917.4768587240021,0.0,,0,0,0,0
2026-03-19 17:45:00+00:00,920.76,920.99,919.74,919.985,,917.7536868475,0.0,,0,0,0,0
2026-03-19 18:00:00+00:00,919.995,920.7199,918.555,920.035,,918.0250506595323,0.0,,0,0,0,0
2026-03-19 18:15:00+00:00,920.33,920.33,915.93,916.1,,918.2758343066796,0.0,,0,0,0,0
2026-03-19 18:30:00+00:00,915.93,915.93,913.65,913.65,,918.4759265699682,0.0,,0,0,0,0
2026-03-19 18:45:00+00:00,913.65,916.99,913.65,916.16,,918.6002800053449,0.0,,0,0,0,0
2026-03-19 19:00:00+00:00,916.42,922.545,916.28,920.97,,918.6555659921972,0.0,,0,0,0,0
2026-03-19 19:15:00+00:00,920.708,921.74,918.6,919.17,,918.6830664407528,0.0,,0,0,0,0
2026-03-19 19:30:00+00:00,919.13,920.02,917.78,919.4,,918.7178376000878,0.0,,0,0,0,0
2026-03-19 19:45:00+00:00,919.28,919.28,916.62,917.57,,918.7567223408375,0.0,,0,0,0,0
2026-03-20 13:30:00+00:00,910.55,921.5,910.55,916.295,,918.7815812323943,0.0,,0,0,0,0
2026-03-20 13:45:00+00:00,915.98,925.375,914.21,924.39,,918.7857399003466,0.0,,0,0,0,0
2026-03-20 14:00:00+00:00,924.38,924.38,914.29,916.45,,918.7878911949198,0.0,,0,0,0,0
2026-03-20 14:15:00+00:00,915.79,920.245,914.0,917.0,,918.7914840363934,0.0,,0,0,0,0
2026-03-20 14:30:00+00:00,917.0,919.58,915.3,916.26,,918.7809087625154,0.0,,0,0,0,0
2026-03-20 14:45:00+00:00,916.24,919.911,914.0001,918.83,,918.748041044052,0.0,,0,0,0,0
2026-03-20 15:00:00+00:00,919.05,920.99,917.76,920.115,,918.7030319914812,0.0,,0,0,0,0
2026-03-20 15:15:00+00:00,919.84,921.43,918.55,919.04,,918.6645926715853,0.0,,0,0,0,0
2026-03-20 15:30:00+00:00,918.47,919.56,918.06,919.3785,,918.6431669439346,0.0,,0,0,0,0
2026-03-20 15:45:00+00:00,919.49,920.37,917.01,918.6,,918.6357246587943,0.0,,0,0,0,0
2026-03-20 16:00:00+00:00,918.6,918.6,916.62,917.205,,918.6312147480064,0.0,,0,0,0,0
2026-03-20 16:15:00+00:00,917.48,919.57,916.89,919.305,,918.6206315305107,0.0,,0,0,0,0
2026-03-20 16:30:00+00:00,919.05,919.78,917.64,919.02,,918.6056967396619,0.0,,0,0,0,0
2026-03-20 16:45:00+00:00,919.025,919.18,916.6895,918.12,,918.5907188438023,0.0,,0,0,0,0
2026-03-20 17:00:00+00:00,917.8,918.8295,916.82,917.165,,918.5727318742901,0.0,,0,0,0,0
2026-03-20 17:15:00+00:00,916.84,918.0679,915.79,917.645,,918.5456387852403,0.0,,0,0,0,0
2026-03-20 17:30:00+00:00,917.645,918.165,915.25,915.91,,918.4998334257409,0.0,,0,0,0,0
2026-03-20 17:45:00+00:00,915.9,915.9,908.33,908.56,,918.4022136744537,0.0,,0,0,0,0
2026-03-20 18:00:00+00:00,908.72,910.119,907.22,908.486,,918.185600786357,0.0,,0,0,0,0
2026-03-20 18:15:00+00:00,908.36,909.43,904.01,905.825,,917.7968741852885,0.0,,0,0,0,0
2026-03-20 18:30:00+00:00,905.65,906.31,903.14,904.14,,917.2035698370589,0.0,,0,0,0,0
2026-03-20 18:45:00+00:00,904.31,904.31,900.14,901.1,,916.1338637677392,0.0,,0,0,0,0
2026-03-20 19:00:00+00:00,901.265,903.2599,900.38,902.4961,,914.7603159447573,0.0,,0,0,0,0
2026-03-20 19:15:00+00:00,902.44,903.38,899.29,901.43,,913.1821196287514,0.0,,0,0,0,0
2026-03-20 19:30:00+00:00,901.385,903.45,899.58,903.0643,,911.5538802000268,0.0,,0,0,0,0
2026-03-20 19:45:00+00:00,903.01,906.66,899.52,906.63,,910.0025694267835,0.0,,0,0,0,0
2026-03-23 13:30:00+00:00,912.99,921.1,910.8,913.975,,908.639276147234,0.0,,0,0,0,0
2026-03-23 13:45:00+00:00,913.3,916.41,907.23,908.805,,907.5568148879697,0.0,,0,0,0,0
2026-03-23 14:00:00+00:00,908.8,912.53,908.56,909.07,,906.7663806901886,0.0,,0,0,0,0
2026-03-23 14:15:00+00:00,908.94,917.9999,908.68,916.58,,906.1949585059601,0.0,,0,0,0,0
2026-03-23 14:30:00+00:00,916.16,920.64,913.8,917.985,,905.8195448248975,0.0,,0,0,0,0
2026-03-23 14:45:00+00:00,917.98,921.4,917.345,919.96,,905.6609869508213,0.0,,0,0,0,0
2026-03-23 15:00:00+00:00,919.96,923.37,919.33,923.0,,905.7355819198799,0.0,,0,0,0,0
2026-03-23 15:15:00+00:00,922.75,925.0,922.62,924.26,,906.0601181535529,0.0,,0,0,1,0
2026-03-23 15:30:00+00:00,924.18,925.7699,923.0583,923.88,,906.6280414835774,0.0,,0,0,0,0
2026-03-23 15:45:00+00:00,923.9391,926.775,920.9369,921.155,,907.3890040439355,0.0,,0,0,0,0
2026-03-23 16:00:00+00:00,921.42,922.649,919.5101,921.4,,908.2782843258314,0.0,,0,0,0,0
2026-03-23 16:15:00+00:00,920.9,921.0151,917.3,917.67,,909.2527344535687,0.0,,0,0,0,0
2026-03-23 16:30:00+00:00,917.88,919.68,915.2001,916.68,,910.240226277047,0.0,,0,0,0,0
2026-03-23 16:45:00+00:00,917.7203,917.98,913.45,914.2975,,911.1829754333991,0.0,,0,0,0,0
2026-03-23 17:00:00+00:00,914.31,914.99,912.655,913.17,,912.03820292632,0.0,,0,0,0,0
2026-03-23 17:15:00+00:00,913.01,915.43,912.68,913.45,,912.7757493503068,0.0,,0,0,0,0
2026-03-23 17:30:00+00:00,913.46,916.14,912.34,913.035,,913.3900844799042,0.0,,0,0,0,0
2026-03-23 17:45:00+00:00,912.87,914.51,911.83,913.26,,913.8891803686928,0.0,,0,0,0,0
2026-03-23 18:00:00+00:00,913.165,913.85,908.85,912.2357,,914.281185701836,0.0,,0,0,0,0
2026-03-23 18:15:00+00:00,911.88,915.97,910.74,912.74,,914.5676517836966,0.0,,0,0,0,0
2026-03-23 18:30:00+00:00,913.15,915.49,912.925,914.0,,914.7797383081049,0.0,,0,0,0,0
2026-03-23 18:45:00+00:00,913.92,915.405,912.71,913.05,,914.9339069741173,0.0,,0,0,0,0
2026-03-23 19:00:00+00:00,912.97,914.5943,911.71,911.98,,915.0407965228827,0.0,,0,0,0,0
2026-03-23 19:15:00+00:00,911.71,912.0899,909.91,910.45,,915.0934612360519,0.0,,0,0,0,0
2026-03-23 19:30:00+00:00,910.49,912.05,909.36,912.05,,915.0667187772589,0.0,,0,0,0,0
2026-03-23 19:45:00+00:00,911.815,914.69,910.02,910.27,,914.9563119610054,0.0,,0,0,0,0
2026-03-24 13:30:00+00:00,907.0,908.39,901.11,905.22,,914.6844888609968,0.0,,0,0,0,0
2026-03-24 13:45:00+00:00,905.22,908.6699,903.35,903.35,,914.1490374657554,0.0,,0,0,0,1
2026-03-24 14:00:00+00:00,903.45,905.3225,900.795,902.885,,913.2714036364738,0.0,,0,0,0,0
2026-03-24 14:15:00+00:00,902.885,903.2279,895.61,900.95,,912.0919218607804,0.0,,0,0,0,0
2026-03-24 14:30:00+00:00,900.95,904.4,899.2701,902.68,,910.8005936290267,0.0,,0,0,0,0
2026-03-24 14:45:00+00:00,902.34,903.98,897.71,898.57,,909.4542084050211,0.0,,0,0,0,0
2026-03-24 15:00:00+00:00,899.1,901.0,897.5,900.8,,908.1053517425239,0.0,,0,0,0,0
2026-03-24 15:15:00+00:00,900.4164,902.17,900.0,900.48,,906.8187164085555,0.0,,0,0,0,0
2026-03-24 15:30:00+00:00,900.79,903.255,898.41,902.56,,905.6384089551174,0.0,,0,0,0,0
2026-03-24 15:45:00+00:00,902.8,903.5894,900.0001,900.4,,904.5916737641627,0.0,,0,0,0,0
2026-03-24 16:00:00+00:00,900.39,900.67,898.6001,900.66,,903.681790132168,0.0,,0,0,0,0
2026-03-24 16:15:00+00:00,900.185,903.1001,900.185,903.045,,902.8963828537295,0.0,,0,0,0,0
2026-03-24 16:30:00+00:00,902.945,903.43,901.1601,902.4,,902.2355957748246,0.0,,0,0,0,0
2026-03-24 16:45:00+00:00,902.765,903.21,901.35,901.95,,901.713049300367,0.0,,0,0,0,0
2026-03-24 17:00:00+00:00,902.63,903.125,900.59,901.9494,,901.3252361994988,0.0,,0,0,0,0
2026-03-24 17:15:00+00:00,901.62,903.04,901.01,901.01,,901.0481251313831,0.0,,0,0,0,0
2026-03-24 17:30:00+00:00,901.17,902.63,899.83,900.34,,900.8541344799611,0.0,,0,0,0,0
2026-03-24 17:45:00+00:00,900.34,901.8,898.2417,901.44,,900.7132231357067,0.0,,0,0,0,0
2026-03-24 18:00:00+00:00,901.6,902.87,901.5001,901.84,,900.6081928101348,0.0,,0,0,0,0
2026-03-24 18:15:00+00:00,901.66,902.1299,900.54,901.22,,900.5439923363109,0.0,,0,0,0,0
2026-03-24 18:30:00+00:00,901.23,903.48,901.0,901.25,,900.5092864369002,0.0,,0,0,0,0
2026-03-24 18:45:00+00:00,901.315,904.87,901.315,903.975,,900.5044433410621,0.0,,0,0,0,0
2026-03-24 19:00:00+00:00,904.06,905.8199,902.82,905.145,,900.5397285763254,0.0,,0,0,0,0
2026-03-24 19:15:00+00:00,905.0227,905.6,903.71,903.875,,900.6398022770778,0.0,,0,0,1,0
2026-03-24 19:30:00+00:00,903.94,904.12,902.59,902.745,,900.7791807502331,0.0,,0,0,0,0
2026-03-24 19:45:00+00:00,902.6923,903.56,900.08,902.77,,900.9437466669988,0.0,,0,0,0,0
2026-03-25 13:30:00+00:00,912.49,921.97,910.1101,912.01,,901.2030600396793,0.0,,0,0,0,0
2026-03-25 13:45:00+00:00,912.655,913.74,911.0,912.09,,901.6150400317919,0.0,,0,0,0,0
2026-03-25 14:00:00+00:00,912.35,913.99,909.84,913.23,,902.210907657075,0.0,,0,0,0,0
2026-03-25 14:15:00+00:00,913.35,915.6,909.7365,913.03,,902.9649444412175,0.0,,0,0,0,0
2026-03-25 14:30:00+00:00,912.2105,913.015,909.23,912.79,,903.8161858862037,0.0,,0,0,0,0
2026-03-25 14:45:00+00:00,912.31,914.4655,912.19,912.815,,904.712858472842,0.0,,0,0,0,0
2026-03-25 15:00:00+00:00,913.19,913.98,910.23,912.645,,905.611216437787,0.0,,0,0,0,0
2026-03-25 15:15:00+00:00,912.99,916.33,909.09,915.71,,906.4998728705167,0.0,,0,0,0,0
2026-03-25 15:30:00+00:00,915.515,916.79,913.22,915.17,,907.385147295664,0.0,,0,0,0,0
2026-03-25 15:45:00+00:00,915.5,916.74,914.8501,916.23,,908.2805343720116,0.0,,0,0,0,0
2026-03-25 16:00:00+00:00,916.165,917.73,915.26,917.695,,909.1978596104898,0.0,,0,0,0,0
2026-03-25 16:15:00+00:00,917.365,920.0,916.5701,918.695,,910.1550826048724,0.0,,0,0,0,0
2026-03-25 16:30:00+00:00,918.42,922.15,918.06,921.13,,911.1565920110614,0.0,,0,0,0,0
2026-03-25 16:45:00+00:00,921.13,921.59,919.42,920.535,,912.2184289255952,0.0,,0,0,0,0
2026-03-25 17:00:00+00:00,920.535,920.87,917.5201,918.5,,913.2890762807318,0.0,,0,0,0,0
2026-03-25 17:15:00+00:00,918.25,918.375,916.06,916.9,,914.2910120514038,0.0,,0,0,0,0
2026-03-25 17:30:00+00:00,916.77,916.95,914.55,915.61,,915.171788183731,0.0,,0,0,0,0
2026-03-25 17:45:00+00:00,915.41,917.3799,915.08,916.44,,915.9018059063127,0.0,,0,0,0,0
2026-03-25 18:00:00+00:00,916.35,917.4699,915.16,916.83,,916.4770382761579,0.0,,0,0,0,0
2026-03-25 18:15:00+00:00,916.83,918.0,915.79,916.48,,916.9178358927436,0.0,,0,0,0,0
2026-03-25 18:30:00+00:00,915.94,917.38,915.32,917.21,,917.2769208114536,0.0,,0,0,0,0
2026-03-25 18:45:00+00:00,917.12,917.82,915.0,915.86,,917.5561350436973,0.0,,0,0,0,0
2026-03-25 19:00:00+00:00,915.74,915.74,912.78,912.98,,917.7645811646279,0.0,,0,0,0,0
2026-03-25 19:15:00+00:00,912.98,913.91,912.26,912.46,,917.8954588253739,0.0,,0,0,0,0
2026-03-25 19:30:00+00:00,912.46,913.27,911.03,911.9,,917.9361201184697,0.0,,0,0,0,0
2026-03-25 19:45:00+00:00,911.83,916.45,911.25,916.37,,917.8901365257723,0.0,,0,0,0,0
2026-03-26 13:30:00+00:00,912.38,916.3499,905.665,913.33,,917.7791643637345,0.0,,0,0,0,0
2026-03-26 13:45:00+00:00,913.67,915.215,907.87,909.985,,917.6001967948425,0.0,,0,0,0,0
2026-03-26 14:00:00+00:00,910.8165,910.9,905.21,907.925,,917.3142025441639,0.0,,0,0,0,1
2026-03-26 14:15:00+00:00,907.639,908.77,905.23,906.36,,916.8891495469761,0.0,,0,0,0,0
2026-03-26 14:30:00+00:00,906.58,907.025,904.5001,904.87,,916.2860202810443,0.0,,0,0,0,0
2026-03-26 14:45:00+00:00,904.65,907.01,904.65,906.82,,915.5025308065489,0.0,,0,0,0,0
2026-03-26 15:00:00+00:00,906.295,907.53,905.02,905.58,,914.5156942608239,0.0,,0,0,0,0
2026-03-26 15:15:00+00:00,905.98,906.1,903.1,903.81,,913.398548358278,0.0,,0,0,0,0
2026-03-26 15:30:00+00:00,903.29,903.8399,900.77,901.1,,912.1929178371004,0.0,,0,0,0,0
2026-03-26 15:45:00+00:00,901.12,902.58,900.27,900.7,,910.9018542318346,0.0,,0,0,0,0
2026-03-26 16:00:00+00:00,900.5,903.51,899.6,902.63,,909.5959793298989,0.0,,0,0,0,0
2026-03-26 16:15:00+00:00,902.27,904.135,900.98,903.485,,908.3341765288438,0.0,,0,0,0,0
2026-03-26 16:30:00+00:00,903.83,904.46,901.1501,903.295,,907.1722470442868,0.0,,0,0,0,0
2026-03-26 16:45:00+00:00,903.29,906.32,902.61,906.08,,906.1571599380669,0.0,,0,0,0,0
2026-03-26 17:00:00+00:00,906.4294,906.55,903.8,904.69,,905.3160305349643,0.0,,0,0,0,0
2026-03-26 17:15:00+00:00,904.96,906.27,903.26,906.225,,904.6524885637867,0.0,,0,0,0,0
2026-03-26 17:30:00+00:00,905.95,906.225,901.5,903.48,,904.1429293688216,0.0,,0,0,0,0
2026-03-26 17:45:00+00:00,903.77,904.48,901.0,901.0,,903.7483879762228,0.0,,0,0,0,0
2026-03-26 18:00:00+00:00,901.23,903.57,901.0,903.57,,903.4207645272535,0.0,,0,0,0,0
2026-03-26 18:15:00+00:00,903.46,903.87,901.2775,901.2775,,903.1409365779119,0.0,,0,0,0,0
2026-03-26 18:30:00+00:00,901.0601,902.5,901.0601,902.15,,902.8976283919097,0.0,,0,0,0,0
2026-03-26 18:45:00+00:00,902.09,903.57,901.52,901.52,,902.6849126599351,0.0,,0,0,0,0
2026-03-26 19:00:00+00:00,901.87,902.0324,899.55,899.9555,,902.4949226897994,0.0,,0,0,0,0
2026-03-26 19:15:00+00:00,899.835,900.78,899.05,900.53,,902.3106197382494,0.0,,0,0,0,0
2026-03-26 19:30:00+00:00,900.57,900.57,897.5,897.82,,902.1112179133878,0.0,,0,0,0,0
2026-03-26 19:45:00+00:00,898.0,899.5,896.29,896.61,,901.8663818458334,0.0,,0,0,0,0
2026-03-27 13:30:00+00:00,896.0,900.8299,893.01,899.79,,901.5693085071512,0.0,,0,0,0,0
2026-03-27 13:45:00+00:00,899.61,899.62,891.0801,891.83,,901.2013531939184,0.0,,0,0,0,0
2026-03-27 14:00:00+00:00,891.62,893.17,889.01,891.71,,900.7292686673961,0.0,,0,0,0,0
2026-03-27 14:15:00+00:00,892.375,893.0,887.42,887.575,,900.0945502785768,0.0,,0,0,0,0
2026-03-27 14:30:00+00:00,887.7,889.425,885.5,887.98,,899.2214154254283,0.0,,0,0,0,0
2026-03-27 14:45:00+00:00,887.98,889.63,886.81,887.8,,898.0960185307968,0.0,,0,0,0,0
2026-03-27 15:00:00+00:00,887.81,889.125,886.9317,887.975,,896.8148448970463,0.0,,0,0,0,0
2026-03-27 15:15:00+00:00,887.99,893.5443,887.0001,892.4965,,895.5420337690942,0.0,,0,0,0,0
2026-03-27 15:30:00+00:00,892.66,893.5,890.15,890.575,,894.3763218531418,0.0,,0,0,0,0
2026-03-27 15:45:00+00:00,890.56,891.03,888.0,888.56,,893.3677680969291,0.0,,0,0,0,0
2026-03-27 16:00:00+00:00,888.0,889.605,887.0,888.715,,892.4933147444167,0.0,,0,0,0,0
2026-03-27 16:15:00+00:00,888.815,890.64,888.06,888.89,,891.7193336117796,0.0,,0,0,0,0
2026-03-27 16:30:00+00:00,889.74,890.535,887.57,888.64,,891.035706393195,0.0,,0,0,0,0
2026-03-27 16:45:00+00:00,888.59,889.13,886.33,888.11,,890.4396807320672,0.0,,0,0,0,0
2026-03-27 17:00:00+00:00,888.25,889.74,887.36,888.2,,889.9195703011576,0.0,,0,0,0,0
2026-03-27 17:15:00+00:00,888.0,888.78,887.25,888.0,,889.4679314292729,0.0,,0,0,0,0
2026-03-27 17:30:00+00:00,888.16,888.635,886.1351,887.43,,889.0771251935948,0.0,,0,0,0,0
2026-03-27 17:45:00+00:00,887.54,888.637,887.0001,887.9075,,888.7367044641443,0.0,,0,0,0,0
2026-03-27 18:00:00+00:00,887.95,889.0,887.84,888.695,,888.4462100658386,0.0,,0,0,0,0
2026-03-27 18:15:00+00:00,888.695,889.27,887.0,887.775,,888.2095376807209,0.0,,0,0,0,0
2026-03-27 18:30:00+00:00,887.4875,888.5099,886.15,887.965,,888.0237297264975,0.0,,0,0,0,0
2026-03-27 18:45:00+00:00,887.965,888.0,884.95,885.02,,887.8660485446024,0.0,,0,0,0,0
2026-03-27 19:00:00+00:00,884.9001,885.48,882.84,882.85,,887.7028020428988,0.0,,0,0,0,0
2026-03-27 19:15:00+00:00,883.0,883.37,881.0,881.225,,887.4923430578638,0.0,,0,0,0,0
2026-03-27 19:30:00+00:00,881.45,882.32,878.76,879.015,,887.1985493847632,0.0,,0,0,0,0
2026-03-27 19:45:00+00:00,878.8427,879.29,877.11,877.66,,886.7720670892643,0.0,,0,0,0,0
2026-03-30 13:30:00+00:00,888.48,897.43,884.01,893.99,,886.3249357264447,0.0,,0,0,0,0
2026-03-30 13:45:00+00:00,893.69,895.22,890.16,893.3182,,885.9501078127115,0.0,,0,0,0,0
2026-03-30 14:00:00+00:00,892.46,893.49,887.48,888.4,,885.712648460663,0.0,,0,0,0,0
2026-03-30 14:15:00+00:00,888.4,894.255,888.05,891.71,,885.6078272112619,0.0,,0,0,0,0
2026-03-30 14:30:00+00:00,891.825,893.42,889.06,892.5,,885.6152823349206,0.0,,0,0,0,0
2026-03-30 14:45:00+00:00,892.5,893.46,888.63,890.03,,885.707220048319,0.0,,0,0,1,0
2026-03-30 15:00:00+00:00,890.03,890.94,885.56,889.345,,885.8566694953187,0.0,,0,0,0,0
2026-03-30 15:15:00+00:00,890.08,890.28,886.83,888.26,,886.0370202889329,0.0,,0,0,0,0
2026-03-30 15:30:00+00:00,888.09,888.09,885.22,885.38,,886.2224217497643,0.0,,0,0,0,0
2026-03-30 15:45:00+00:00,885.565,886.76,883.27,885.35,,886.3873612441497,0.0,,0,0,0,0
2026-03-30 16:00:00+00:00,884.87,886.24,883.11,885.905,,886.5136112399512,0.0,,0,0,0,0
2026-03-30 16:15:00+00:00,886.09,889.26,885.5401,886.545,,886.6025975285521,0.0,,0,0,0,0
2026-03-30 16:30:00+00:00,886.89,891.19,886.115,889.535,,886.6748510648943,0.0,,0,0,0,0
2026-03-30 16:45:00+00:00,889.25,892.2624,889.25,891.575,,886.7600699851351,0.0,,0,0,0,0
2026-03-30 17:00:00+00:00,891.575,893.4899,889.87,890.195,,886.8844018715889,0.0,,0,0,0,0
2026-03-30 17:15:00+00:00,890.195,894.5,889.77,893.665,,887.0675433126374,0.0,,0,0,0,0
2026-03-30 17:30:00+00:00,893.675,896.99,892.09,894.99,,887.3291132123821,0.0,,0,0,0,0
2026-03-30 17:45:00+00:00,894.985,895.36,887.48,887.875,,887.6522123555118,0.0,,0,0,0,0
2026-03-30 18:00:00+00:00,887.875,890.5,887.55,889.6,,887.996403077448,0.0,,0,0,0,0
2026-03-30 18:15:00+00:00,889.7699,889.7699,887.14,887.14,,888.3136680496227,0.0,,0,0,0,0
2026-03-30 18:30:00+00:00,887.14,887.98,886.52,887.98,,888.576663252457,0.0,,0,0,0,0
2026-03-30 18:45:00+00:00,887.5101,888.795,886.825,887.5075,,888.7754897054757,0.0,,0,0,0,0
2026-03-30 19:00:00+00:00,887.76,889.33,886.74,887.16,,888.9201442691323,0.0,,0,0,0,0
2026-03-30 19:15:00+00:00,887.155,887.71,885.91,887.68,,889.0128987647538,0.0,,0,0,0,0
2026-03-30 19:30:00+00:00,887.14,888.125,884.7616,887.75,,889.0557487294395,0.0,,0,0,0,0
2026-03-30 19:45:00+00:00,887.465,888.1,885.0,886.78,,889.0527046355338,0.0,,0,0,0,0
2026-03-31 13:30:00+00:00,893.49,913.31,892.14,908.565,,889.0670557246605,0.0,,0,0,0,0
2026-03-31 13:45:00+00:00,908.75,919.66,907.79,919.25,,889.4214793900891,0.0,,0,0,0,0
2026-03-31 14:00:00+00:00,918.575,924.1439,914.15,916.12,,890.5575375974618,0.0,,0,0,0,0
2026-03-31 14:15:00+00:00,916.8184,917.72,915.0,916.325,,892.4352740921206,0.0,,0,0,0,0
2026-03-31 14:30:00+00:00,916.33,917.15,912.0,912.48,,894.732656009003,0.0,,0,0,0,0
2026-03-31 14:45:00+00:00,912.38,913.19,907.5,909.56,,897.074437500612,0.0,,0,0,0,0
2026-03-31 15:00:00+00:00,910.0,915.57,909.17,914.8842,,899.3303979119547,0.0,,0,0,0,0
2026-03-31 15:15:00+00:00,915.095,915.9899,910.88,912.6,,901.4351055467824,0.0,,0,0,0,0
2026-03-31 15:30:00+00:00,912.19,913.05,909.41,913.03,,903.3727445991776,0.0,,0,0,0,0
2026-03-31 15:45:00+00:00,913.025,913.04,909.56,910.75,,905.121745301095,0.0,,0,0,0,0
2026-03-31 16:00:00+00:00,910.7651,913.66,910.56,913.21,,906.6690799010488,0.0,,0,0,0,0
2026-03-31 16:15:00+00:00,913.21,914.765,912.8062,913.575,,908.0247550025385,0.0,,0,0,0,0
2026-03-31 16:30:00+00:00,913.575,917.7,912.46,916.33,,909.2292441253403,0.0,,0,0,0,0
2026-03-31 16:45:00+00:00,916.09,916.81,911.0527,913.24,,910.311646950915,0.0,,0,0,0,0
2026-03-31 17:00:00+00:00,913.48,915.87,912.82,915.69,,911.2745795584896,0.0,,0,0,0,0
2026-03-31 17:15:00+00:00,915.795,917.25,914.88,915.47,,912.1206799818319,0.0,,0,0,0,0
2026-03-31 17:30:00+00:00,915.49,916.99,913.645,914.15,,912.8639753961015,0.0,,0,0,0,0
2026-03-31 17:45:00+00:00,914.045,916.97,914.045,916.3,,913.511425518087,0.0,,0,0,0,0
2026-03-31 18:00:00+00:00,916.29,918.2,915.53,917.83,,914.0775898203339,0.0,,0,0,0,0
2026-03-31 18:15:00+00:00,917.49,918.5,915.94,917.04,,914.5895453623222,0.0,,0,0,0,0
2026-03-31 18:30:00+00:00,917.27,917.27,915.18,916.65,,915.0514024973202,0.0,,0,0,0,0
2026-03-31 18:45:00+00:00,916.71,918.37,916.71,918.3,,915.4653660522359,0.0,,0,0,0,0
2026-03-31 19:00:00+00:00,918.3,918.37,915.27,916.145,,915.8348875073992,0.0,,0,0,0,0
2026-03-31 19:15:00+00:00,916.15,918.85,916.14,918.85,,916.1633268585304,0.0,,0,0,0,0
2026-03-31 19:30:00+00:00,918.75,921.44,918.685,919.03,,916.4615372199979,0.0,,0,0,0,0
2026-03-31 19:45:00+00:00,919.05,921.17,914.04,920.11,,916.7505226125346,0.0,,0,0,0,0
2026-04-01 13:30:00+00:00,926.88,936.0,925.99,934.58,,917.1223099198521,0.0,,0,0,0,0
2026-04-01 13:45:00+00:00,934.58,936.24,931.66,935.54,,917.7673937538875,0.0,,0,0,0,0
2026-04-01 14:00:00+00:00,934.35,936.33,928.47,929.31,,918.7085225396743,0.0,,0,0,0,0
2026-04-01 14:15:00+00:00,929.48,933.32,928.25,932.705,,919.8986623442604,0.0,,0,0,0,0
2026-04-01 14:30:00+00:00,932.705,936.79,931.77,933.7,,921.2423921195124,0.0,,0,0,0,0
2026-04-01 14:45:00+00:00,934.105,936.7,933.0,935.565,,922.6773577985438,0.0,,0,0,0,0
2026-04-01 15:00:00+00:00,935.02,937.57,934.5001,936.65,,924.1780439079012,0.0,,0,0,0,0
2026-04-01 15:15:00+00:00,936.57,955.59,935.0,950.755,,925.8984989550924,0.0,,0,0,0,0
2026-04-01 15:30:00+00:00,950.1,961.71,949.1006,960.06,,928.1213079272304,0.0,,0,0,0,0
2026-04-01 15:45:00+00:00,959.4501,969.375,957.6,968.15,,931.1796590770047,0.0,,0,0,0,0
2026-04-01 16:00:00+00:00,968.15,972.83,961.5,963.99,,935.2325900922061,0.0,,0,0,0,0
2026-04-01 16:15:00+00:00,963.61,964.21,953.73,955.5,,939.3860262225281,0.0,,0,0,0,0
2026-04-01 16:30:00+00:00,955.065,959.39,953.91,958.6201,,943.3240164943041,0.0,,0,0,0,0
2026-04-01 16:45:00+00:00,958.79,963.295,958.18,962.965,,946.8636341772349,0.0,,0,0,0,0
2026-04-01 17:00:00+00:00,963.13,973.0,963.13,972.28,,950.0543854308971,0.0,,0,0,0,0
2026-04-01 17:15:00+00:00,971.98,976.58,971.0768,976.0,,953.0953277373328,0.0,,0,0,0,0
2026-04-01 17:30:00+00:00,975.995,976.6799,970.85,973.19,,956.1328649674484,0.0,,0,0,0,0
2026-04-01 17:45:00+00:00,973.64,974.23,967.15,967.35,,959.0596016768249,0.0,,0,0,0,0
2026-04-01 18:00:00+00:00,966.55,967.97,962.0,966.05,,961.6814693873991,0.0,,0,0,0,0
2026-04-01 18:15:00+00:00,966.05,966.75,956.835,957.665,,963.8562170249323,0.0,,0,0,0,0
2026-04-01 18:30:00+00:00,957.665,960.665,956.0,958.03,,965.5542481578645,0.0,,0,0,0,0
2026-04-01 18:45:00+00:00,957.545,959.26,954.16,955.5,,966.7827739184562,0.0,,0,0,0,0
2026-04-01 19:00:00+00:00,955.92,960.82,955.0,960.145,,967.525809357341,0.0,,0,0,0,0
2026-04-01 19:15:00+00:00,960.145,960.18,957.0,957.22,,967.8843074117756,0.0,,0,0,0,0
2026-04-01 19:30:00+00:00,957.44,959.89,955.3501,958.99,,967.9406308257223,0.0,,0,0,0,0
2026-04-01 19:45:00+00:00,959.71,960.61,953.96,954.91,,967.7741488827307,0.0,,0,0,0,1
2026-04-02 13:30:00+00:00,945.0,954.76,937.53,953.165,,967.4280978866403,0.0,,0,0,0,0
2026-04-02 13:45:00+00:00,952.69,957.6875,948.57,954.9575,,966.905541936337,0.0,,0,0,0,0
2026-04-02 14:00:00+00:00,955.38,955.5,945.44,947.99,,966.2211787693838,0.0,,0,0,0,0
2026-04-02 14:15:00+00:00,947.54,947.99,942.0001,944.81,,965.3130254525856,0.0,,0,0,0,0
2026-04-02 14:30:00+00:00,944.81,949.6099,942.0101,947.925,,964.2052180390161,0.0,,0,0,0,0
2026-04-02 14:45:00+00:00,947.925,948.96,944.0454,945.8,,962.9666887328682,0.0,,0,0,0,0
2026-04-02 15:00:00+00:00,945.842382,946.31,939.0,940.88,,961.6096654556133,0.0,,0,0,0,0
2026-04-02 15:15:00+00:00,940.88,941.39,937.375,938.87,,960.0902923444945,0.0,,0,0,0,0
2026-04-02 15:30:00+00:00,938.87,940.55,934.0001,934.77,,958.2453936891884,0.0,,0,0,0,0
2026-04-02 15:45:00+00:00,934.605,934.8199,931.22,933.765,,955.8995515252394,0.0,,0,0,0,0
2026-04-02 16:00:00+00:00,934.11,935.3215,932.12,934.97,,953.2415711174183,0.0,,0,0,0,0
2026-04-02 16:15:00+00:00,934.82,935.21,931.61,932.24,,950.4279860317614,0.0,,0,0,0,0
2026-04-02 16:30:00+00:00,932.245,933.69,931.0,931.94,,947.634397004195,0.0,,0,0,0,0
2026-04-02 16:45:00+00:00,932.22,934.1,932.06,932.49,,944.9907599582033,0.0,,0,0,0,0
2026-04-02 17:00:00+00:00,932.97,932.97,930.02,931.69,,942.5581978363376,0.0,,0,0,0,0
2026-04-02 17:15:00+00:00,931.69,934.99,931.1881,933.57,,940.3749706306896,0.0,,0,0,0,0
2026-04-02 17:30:00+00:00,933.57,936.22,933.17,936.065,,938.4713970847675,0.0,,0,0,0,0
2026-04-02 17:45:00+00:00,936.11,936.24,933.4395,936.065,,936.8815317868649,0.0,,0,0,0,0
2026-04-02 18:00:00+00:00,936.065,937.72,935.02,936.32,,935.6085604445198,0.0,,0,0,0,0
2026-04-02 18:15:00+00:00,936.62,937.75,935.4,935.7,,934.6309345491653,0.0,,0,0,0,0
2026-04-02 18:30:00+00:00,936.1,936.3999,934.54,936.06,,933.8888351661838,0.0,,0,0,0,0
2026-04-02 18:45:00+00:00,935.965,937.21,935.22,935.47,,933.3989465588337,0.0,,0,0,0,0
2026-04-02 19:00:00+00:00,935.355,937.37,934.7101,935.71,,933.097035977826,0.0,,0,0,0,0
2026-04-02 19:15:00+00:00,935.545,935.7,934.18,934.62,,932.9268980642137,0.0,,0,0,0,0
2026-04-02 19:30:00+00:00,934.52,935.16,933.42,934.8,,932.869997439738,0.0,,0,0,0,0
2026-04-02 19:45:00+00:00,934.82,936.855,933.085,935.58,,932.8812921065186,0.0,,0,0,0,0
2026-04-06 13:30:00+00:00,932.04,934.0,924.14,928.57,,932.9204826699438,0.0,,0,0,0,0
2026-04-06 13:45:00+00:00,928.56,934.67,926.51,933.16,,932.9293045389533,0.0,,0,0,0,0
2026-04-06 14:00:00+00:00,932.82,936.0,930.01,932.855,,932.9043588067219,0.0,,0,0,0,0
2026-04-06 14:15:00+00:00,932.35,933.49,930.4815,931.995,,932.8659548449871,0.0,,0,0,0,0
2026-04-06 14:30:00+00:00,931.99,934.07,930.174904,930.485,,932.8215940397824,0.0,,0,0,0,0
2026-04-06 14:45:00+00:00,930.0501,930.7051,927.1063,928.7,,932.7599644787604,0.0,,0,0,0,0
2026-04-06 15:00:00+00:00,928.405,928.7,924.97,925.73,,932.6508214266667,0.0,,0,0,0,0
2026-04-06 15:15:00+00:00,925.71,926.571,925.0,925.7,,932.4558545506911,0.0,,0,0,0,0
2026-04-06 15:30:00+00:00,925.14,926.58,923.49,923.99,,932.1622424497375,0.0,,0,0,0,0
2026-04-06 15:45:00+00:00,923.99,925.96,923.78,925.605,,931.7651060625383,0.0,,0,0,0,0
2026-04-06 16:00:00+00:00,925.9007,926.98,925.15,926.13,,931.2811634095783,0.0,,0,0,0,0
2026-04-06 16:15:00+00:00,926.375,926.76,925.5,926.355,,930.7546953380003,0.0,,0,0,0,0
2026-04-06 16:30:00+00:00,926.355,928.11,926.15,927.54,,930.2248541369906,0.0,,0,0,0,0
2026-04-06 16:45:00+00:00,927.54,928.4799,927.0,927.27,,929.7244318979575,0.0,,0,0,0,0
2026-04-06 17:00:00+00:00,927.4499,927.45,924.37,924.625,,929.2617481117846,0.0,,0,0,0,0
2026-04-06 17:15:00+00:00,924.87,925.2599,923.8,924.33,,928.8169814186737,0.0,,0,0,0,0
2026-04-06 17:30:00+00:00,924.345,924.35,921.0,922.35,,928.3541742968432,0.0,,0,0,0,0
2026-04-06 17:45:00+00:00,922.5,922.5,920.32,920.99,,927.8434179680964,0.0,,0,0,0,0
2026-04-06 18:00:00+00:00,920.84,921.17,919.78,920.3,,927.2600594821936,0.0,,0,0,0,0
2026-04-06 18:15:00+00:00,920.12,921.86,920.055,921.25,,926.6121892416302,0.0,,0,0,0,0
2026-04-06 18:30:00+00:00,921.255,922.49,921.255,922.48,,925.9674313768486,0.0,,0,0,0,0
2026-04-06 18:45:00+00:00,922.53,924.5,922.5,924.175,,925.355134745584,0.0,,0,0,0,0
2026-04-06 19:00:00+00:00,924.17,925.36,923.63,924.61,,924.8146880218109,0.0,,0,0,0,0
2026-04-06 19:15:00+00:00,924.61,925.85,922.49,925.09,,924.3693404118167,0.0,,0,0,0,0
2026-04-06 19:30:00+00:00,925.01,925.01,921.37,922.43,,924.0166968294674,0.0,,0,0,0,0
2026-04-06 19:45:00+00:00,922.47,927.13,922.25,926.66,,923.7283353736567,0.0,,0,0,0,0
2026-04-07 13:30:00+00:00,924.5,926.045,898.4501,901.03,,923.4450311018633,0.0,,0,0,0,0
2026-04-07 13:45:00+00:00,900.47,909.7,899.59,906.6,,922.9454589073663,0.0,,0,0,0,0
2026-04-07 14:00:00+00:00,906.425,908.0,900.975,907.0099,,922.0672209047113,0.0,,0,0,0,0
2026-04-07 14:15:00+00:00,907.005,910.175,906.109,909.84,,920.9392286689513,0.0,,0,0,0,0
2026-04-07 14:30:00+00:00,909.6,916.43,909.08,915.11,,919.7385988328296,0.0,,0,0,0,0
2026-04-07 14:45:00+00:00,915.44,920.5,914.587,918.79,,918.608601505147,0.0,,0,0,0,0
2026-04-07 15:00:00+00:00,918.79,921.695,917.87,921.46,,917.6373867517638,0.0,,0,0,0,0
2026-04-07 15:15:00+00:00,920.905,922.49,918.1,919.33,,916.8674619319615,0.0,,0,0,0,0
2026-04-07 15:30:00+00:00,919.31,923.44,919.03,920.73,,916.2884044026522,0.0,,0,0,0,0
2026-04-07 15:45:00+00:00,921.32,926.0,919.446,924.33,,915.8798044356214,0.0,,0,0,0,0
2026-04-07 16:00:00+00:00,924.33,931.29,923.96,931.17,,915.6675682014338,0.0,,0,0,0,0
2026-04-07 16:15:00+00:00,931.1993,931.25,927.238,930.4,,915.6834144115794,0.0,,0,0,0,0
2026-04-07 16:30:00+00:00,930.29,932.16,929.09,931.28,,915.9549133600013,0.0,,0,0,1,0
2026-04-07 16:45:00+00:00,931.37,932.64,929.1001,929.55,,916.44356333408,0.0,,0,0,0,0
2026-04-07 17:00:00+00:00,929.545,930.91,928.4668,930.24,,917.0951950086773,0.0,,0,0,0,0
2026-04-07 17:15:00+00:00,929.87,929.875,925.4073,926.56,,917.8357694802526,0.0,,0,0,0,0
2026-04-07 17:30:00+00:00,926.3,929.82,925.8,929.7,,918.6201320305748,0.0,,0,0,0,0
2026-04-07 17:45:00+00:00,929.69,932.22,929.38,930.2,,919.4336644766569,0.0,,0,0,0,0
2026-04-07 18:00:00+00:00,930.2,932.655,929.9701,932.15,,920.2816559668213,0.0,,0,0,0,0
2026-04-07 18:15:00+00:00,932.14,932.36,930.13,930.135,,921.1593338069249,0.0,,0,0,0,0
2026-04-07 18:30:00+00:00,930.25,932.145,930.01,930.905,,922.2097548940673,0.0,,0,0,0,0
2026-04-07 18:45:00+00:00,931.285,931.3095,926.17,927.29,,923.3237993920541,0.0,,0,0,0,0
2026-04-07 19:00:00+00:00,927.29,927.51,922.62,923.46,,924.34739125601,0.0,,0,0,0,0
2026-04-07 19:15:00+00:00,922.92,927.1399,922.68,926.475,,925.2022073764539,0.0,,0,0,0,0
2026-04-07 19:30:00+00:00,926.21,928.0599,925.425,927.32,,925.8820820850632,0.0,,0,0,0,0
2026-04-07 19:45:00+00:00,927.27,931.9899,927.0486,930.9,,926.4356174864347,0.0,,0,0,0,0
